model,vendor,N_patient_phases,Dice_LV,Dice_Myocardium,Dice_RV,HD95_LV,HD95_Myocardium,HD95_RV,Mean_Dice,Mean_HD95
generic_prompt,A,8,0.8983,0.8109,0.8095,6.554,15.3146,32.9152,0.8396,18.2613
generic_prompt,B,20,0.8839,0.7906,0.8547,11.196,5.2283,7.7618,0.8431,8.062
generic_prompt,C,20,0.8269,0.8157,0.8224,16.9021,13.4488,9.9504,0.8216,13.4338
generic_prompt,D,20,0.8585,0.7636,0.8261,8.2583,7.7831,26.5905,0.8161,14.2106
latent_domain_prompt,A,8,0.904,0.822,0.8331,4.3589,4.2528,7.4271,0.853,5.3463
latent_domain_prompt,B,20,0.9045,0.7946,0.8466,4.6358,3.934,7.4004,0.8486,5.3234
latent_domain_prompt,C,20,0.8496,0.8256,0.8177,9.0396,7.7186,8.2589,0.831,8.3391
latent_domain_prompt,D,20,0.8676,0.7602,0.8356,8.2375,7.06,11.7424,0.8211,9.0133
source_only,A,8,0.8793,0.8221,0.8362,8.2418,7.7829,7.1101,0.8458,7.7116
source_only,B,20,0.8944,0.8045,0.8402,6.1968,3.5413,7.6003,0.8464,5.7794
source_only,C,20,0.8425,0.8268,0.8035,14.2476,7.1648,9.8686,0.8243,10.427
source_only,D,20,0.8512,0.7477,0.8256,15.2081,8.2988,8.5665,0.8082,10.6912
