model,patient,phase,vendor,vendor_name,centre,domain,latent_cluster,Dice_LV,HD95_LV,Dice_Myocardium,HD95_Myocardium,Dice_RV,HD95_RV,Mean_Dice,Mean_HD95
source_only,P8V0Y7,ED,D,Canon,5,unseen,0,0.8798740724083922,10.0,0.7845901780710162,5.625034306097322,0.8063597761050457,10.0,0.8236080088614847,8.54167810203244
generic_prompt,P8V0Y7,ED,D,Canon,5,unseen,0,0.8775896234912904,10.0,0.8019319578020163,3.3750205836583933,0.7917527802382168,10.0,0.8237581205105079,7.7916735278861315
latent_domain_prompt,P8V0Y7,ED,D,Canon,5,unseen,0,0.876972596003425,10.0,0.7495405179616229,11.473491663167398,0.8304950886026382,10.0,0.8190027341892288,10.491163887722466
source_only,P8V0Y7,ES,D,Canon,5,unseen,0,0.7558154315496658,10.403204450823825,0.7370669400658428,18.123137118646216,0.7845414247363522,5.568499863147736,0.7591412654506202,11.364947144205926
generic_prompt,P8V0Y7,ES,D,Canon,5,unseen,0,0.7411712114440427,10.49405181530599,0.7946053946054357,10.0,0.6885631648611753,77.40542264053643,0.7414465903035512,32.63315815194748
latent_domain_prompt,P8V0Y7,ES,D,Canon,5,unseen,0,0.7565373134329811,10.55418229613824,0.787982728703485,10.0,0.7740774077409096,12.80292318607118,0.7728658166257919,11.119035160736473
source_only,N2O7U5,ED,D,Canon,5,unseen,0,0.8671869604254743,10.0,0.7738688718252159,10.0,0.913855025545067,3.028800129890442,0.8516369525985859,7.676266709963481
generic_prompt,N2O7U5,ED,D,Canon,5,unseen,0,0.8897595808314076,10.0,0.7791857771053526,6.057600259780884,0.8917408506429546,191.9071394267668,0.8535620695265717,69.3215798955159
latent_domain_prompt,N2O7U5,ED,D,Canon,5,unseen,0,0.8700539364547274,10.0,0.7636200123065832,10.0,0.8748712259291875,10.0,0.8361817248968327,10.0
source_only,N2O7U5,ES,D,Canon,5,unseen,0,0.812667669960209,146.5651497363309,0.8145123559185456,20.0,0.7990314769976845,10.101414962971399,0.8087371676254799,58.88885489976744
generic_prompt,N2O7U5,ES,D,Canon,5,unseen,0,0.8548557819529936,5.047999835014352,0.8425508842175837,8.566739937054743,0.819727028261292,10.201821846596799,0.8390445648106231,7.9388538728886315
latent_domain_prompt,N2O7U5,ES,D,Canon,5,unseen,0,0.8499081605878707,10.0,0.8189292583434111,10.0,0.8144791439179873,12.734866302845315,0.8277721876164229,10.91162210094844
source_only,K9N0W0,ED,B,Philips,2,in-domain,0,0.893955689395626,10.0,0.7911640530761527,4.875293734370208,0.8797351251339567,10.0,0.854951622535245,8.291764578123404
generic_prompt,K9N0W0,ED,B,Philips,2,in-domain,0,0.9159144893112083,10.0,0.8161073825504727,2.3648648262023926,0.8974018585246077,10.0,0.8764745767954296,7.454954942067464
latent_domain_prompt,K9N0W0,ED,B,Philips,2,in-domain,0,0.9149759464547611,10.0,0.7837338262478494,3.547297239303589,0.8150354318579568,10.0,0.8379150681868558,7.849099079767863
source_only,K9N0W0,ES,B,Philips,2,in-domain,0,0.8402948402950469,10.0,0.8503011605701114,4.263320695206981,0.8697135892749911,3.3444239103945157,0.8534365300467165,5.8692482018671654
generic_prompt,K9N0W0,ES,B,Philips,2,in-domain,0,0.829396954801787,10.0,0.8422101965253188,10.0,0.8340090090091958,10.0,0.8352053867787671,10.0
latent_domain_prompt,K9N0W0,ES,B,Philips,2,in-domain,0,0.8464391691396558,10.0,0.8500697862338573,10.0,0.8404561686443491,10.0,0.8456550413392874,10.0
source_only,O7Q7U3,ED,D,Canon,5,unseen,1,0.8028298279159454,10.0,0.6581134025058518,10.0,0.8579056892693636,10.0,0.7729496398970536,10.0
generic_prompt,O7Q7U3,ED,D,Canon,5,unseen,1,0.8165453849100665,10.0,0.6705626413003154,10.0,0.8826116239452151,3.182000160217285,0.7899065500518656,7.727333386739095
latent_domain_prompt,O7Q7U3,ED,D,Canon,5,unseen,1,0.8899569108386269,2.868216117924098,0.709148623679486,3.182000160217285,0.8964645434898273,2.3864999413490295,0.8318566926693135,2.8122387398301374
source_only,O7Q7U3,ES,D,Canon,5,unseen,1,0.8442728442730948,2.8682160352673276,0.8270967262458374,4.638522210351454,0.7050483351238398,10.031591111029966,0.792139301880924,5.846109785549582
generic_prompt,O7Q7U3,ES,D,Canon,5,unseen,1,0.7758813654172134,6.058347740321104,0.8501264244398011,2.868216117924098,0.7768863419295349,10.0,0.8009647105955165,6.308854619415068
latent_domain_prompt,O7Q7U3,ES,D,Canon,5,unseen,1,0.8287731685792457,3.9775000929832482,0.8670297981416686,2.868216117924098,0.8297565002065314,3.97750011444092,0.8418531556424819,3.6077387751160885
source_only,K5M7V5,ED,D,Canon,5,unseen,0,0.8720593582095754,10.0,0.6887417218543879,10.031591115756584,0.8162395727060505,12.949802436234426,0.7923468842566712,10.99379785066367
generic_prompt,K5M7V5,ED,D,Canon,5,unseen,0,0.9441630713437199,2.386500120162964,0.7484404321144829,3.5575843313305358,0.7568627450981105,11.109201213763201,0.8164887495187712,5.684428555085567
latent_domain_prompt,K5M7V5,ED,D,Canon,5,unseen,0,0.913187541418169,10.0,0.7233014977209347,10.0,0.8244003751843011,7.834766775818116,0.8202964714411349,9.278255591939372
source_only,K5M7V5,ES,D,Canon,5,unseen,0,0.8362177075495654,10.0,0.6882703154377251,15.15678608128773,0.5729417428986168,20.21920653978529,0.6991432552953025,15.125330873691007
generic_prompt,K5M7V5,ES,D,Canon,5,unseen,0,0.8452273713008632,10.498568116059284,0.7089815086587152,10.761993674183268,0.566171337389266,131.58603388304834,0.7067934057829482,50.9488652244303
latent_domain_prompt,K5M7V5,ES,D,Canon,5,unseen,0,0.7863847270924474,10.0,0.6668888774935473,11.825958283942166,0.620639534883933,23.151958797421614,0.6913043798233093,14.992639027121259
source_only,K5K6N1,ED,B,Philips,3,in-domain,1,0.9204750839143125,10.0,0.7090945194601775,10.0,0.9019830028329117,6.985294222831726,0.8438508687358005,8.995098074277243
generic_prompt,K5K6N1,ED,B,Philips,3,in-domain,1,0.9170619151391202,10.0,0.7483705131738286,10.0,0.8808318511424815,10.0,0.8487547598184767,10.0
latent_domain_prompt,K5K6N1,ED,B,Philips,3,in-domain,1,0.9174109041422482,10.0,0.7363953598040777,10.0,0.9076595533990653,7.902958261676044,0.8538219391151305,9.300986087225349
source_only,K5K6N1,ES,B,Philips,3,in-domain,1,0.9256244737581386,2.7941176891326904,0.8497236599703046,2.7941176891326904,0.8745328350241373,10.0,0.8832936562508601,5.196078459421794
generic_prompt,K5K6N1,ES,B,Philips,3,in-domain,1,0.9326170096522194,2.7941176891326904,0.8561924257933673,2.7941176891326904,0.843142207628321,10.0,0.8773172143579693,5.196078459421794
latent_domain_prompt,K5K6N1,ES,B,Philips,3,in-domain,1,0.9312935141077947,2.7941176891326904,0.8519294569583972,2.7941176891326904,0.9019025522042674,2.7941176891326904,0.8950418410901531,2.7941176891326904
source_only,J6M5O2,ED,D,Canon,5,unseen,1,0.815830910852769,10.0,0.7147723753484935,10.156973028145599,0.8875134150298531,6.058347356823911,0.8060389004103717,8.738440128323171
generic_prompt,J6M5O2,ED,D,Canon,5,unseen,1,0.8507827503928737,10.0,0.7376989430203689,10.0,0.8760963557752005,8.60464790742573,0.8215260163961476,9.534882635808577
latent_domain_prompt,J6M5O2,ED,D,Canon,5,unseen,1,0.8499292118924464,10.0,0.7308234088872676,10.0,0.8221520163538849,10.0,0.8009682123778662,10.0
source_only,J6M5O2,ES,D,Canon,5,unseen,1,0.7530873551028464,10.0,0.8266634667307174,10.0,0.7991038088126539,10.0,0.7929515435487392,10.0
generic_prompt,J6M5O2,ES,D,Canon,5,unseen,1,0.7737765466298929,10.0,0.824442820606557,10.0,0.7622927522502311,10.0,0.786837373162227,10.0
latent_domain_prompt,J6M5O2,ES,D,Canon,5,unseen,1,0.7616475354491997,10.0,0.8282388096869114,10.0,0.8666375163970995,3.9774999022483826,0.818841287177737,7.992499967416127
source_only,K3R0Y7,ED,C,GE,4,unseen,0,0.9485975154734434,1.6722119551972578,0.8645873320538078,2.3648648262023926,0.8599593316241446,10.0,0.8910480597171319,4.679025593799884
generic_prompt,K3R0Y7,ED,C,GE,4,unseen,0,0.9469838646544831,2.3648648262023926,0.8696969696970314,2.3648648262023926,0.8536901165300589,10.0,0.8901236502938578,4.909909884134929
latent_domain_prompt,K3R0Y7,ED,C,GE,4,unseen,0,0.9450882047734586,2.3648648262023926,0.8529368896663009,2.3648648262023926,0.8604894191414001,10.0,0.8861715045270532,4.909909884134929
source_only,K3R0Y7,ES,C,GE,4,unseen,0,0.8900144717801881,2.6439992544933877,0.8743101807802691,10.0,0.7786720321934063,9.235092371205141,0.8476655615846211,7.293030541899509
generic_prompt,K3R0Y7,ES,C,GE,4,unseen,0,0.8927038626610928,3.3444239103945157,0.9045105121793533,2.3648648262023926,0.7841773527496367,6.8947065196989215,0.8604639091966942,4.20133175209861
latent_domain_prompt,K3R0Y7,ES,C,GE,4,unseen,0,0.887828812866447,4.729729652404785,0.8792161296401549,5.9121620655059814,0.8013713780139333,6.029245947907604,0.8561387735068452,5.557045888606123
source_only,I7W4Y8,ED,B,Philips,2,in-domain,1,0.8872933711805917,3.547297239303589,0.7800849457292905,3.3444239103945157,0.7843277574024651,10.0,0.8172353581041157,5.630573716566036
generic_prompt,I7W4Y8,ED,B,Philips,2,in-domain,1,0.8807952552001664,3.7391796046089016,0.7709985434538186,3.3444239103945157,0.8438725072440396,10.0,0.8318887686326749,5.69453450500114
latent_domain_prompt,I7W4Y8,ED,B,Philips,2,in-domain,1,0.8556104205688272,5.287998508986775,0.7651386530845136,3.3444239103945157,0.7694865164390751,10.0,0.796745196697472,6.2108074731270975
source_only,I7W4Y8,ES,B,Philips,2,in-domain,1,0.6571936056848514,37.32673881664314,0.8119398332165756,5.287998508986775,0.7688243064734284,7.478359209217803,0.7459859151249518,16.69769884494924
generic_prompt,I7W4Y8,ES,B,Philips,2,in-domain,1,0.606205250597703,40.41541430065981,0.7779566183798744,10.034832331159407,0.791273337529282,5.53766393159423,0.7251450688356198,18.66263685447115
latent_domain_prompt,I7W4Y8,ES,B,Philips,2,in-domain,1,0.7578151837864726,4.263320695206981,0.8334370139970191,4.263320695206981,0.7860812704348761,5.287998508986775,0.7924444894061226,4.604879966466913
source_only,I4L4V7,ED,D,Canon,5,unseen,1,0.8278978066213523,10.0,0.6974186307523036,10.0,0.9079063781871568,4.772699868679046,0.8110742718536041,8.257566622893016
generic_prompt,I4L4V7,ED,D,Canon,5,unseen,1,0.9015203606082195,4.77269983291626,0.7592713077426162,3.557360474179565,0.9320224287580213,2.249872361909025,0.8642713657029524,3.5266442230016164
latent_domain_prompt,I4L4V7,ED,D,Canon,5,unseen,1,0.8951124903026415,4.772700190544128,0.7367136358596064,3.557360474179565,0.9206198608476276,2.249872361909025,0.8508153290032919,3.526644342210906
source_only,I4L4V7,ES,D,Canon,5,unseen,1,0.856249068970868,5.736071455576832,0.8238866396762915,3.181800127029419,0.8919099027057285,3.18179988861084,0.8573485371176294,4.03322382373903
generic_prompt,I4L4V7,ES,D,Canon,5,unseen,1,0.8945064256462442,3.55736063411561,0.8215990453462395,3.557360474179565,0.8665075976392483,8.430690395010227,0.860871022877244,5.181803834435134
latent_domain_prompt,I4L4V7,ES,D,Canon,5,unseen,1,0.8945631903602144,3.181800127029419,0.8438146462558503,3.18179988861084,0.8648024628016101,67.83599374224222,0.8677267664725582,24.73319791929416
source_only,H6P7T1,ED,D,Canon,5,unseen,1,0.9202648307414997,3.557584064770461,0.7726645768025792,3.181999921798706,0.842426126039992,10.0,0.8451185111946903,5.5798613288563885
generic_prompt,H6P7T1,ED,D,Canon,5,unseen,1,0.9247875893918164,2.8682159691419096,0.7443996563801809,2.8682159691419096,0.8580326067045408,10.0,0.8424066174921795,5.245477312761273
latent_domain_prompt,H6P7T1,ED,D,Canon,5,unseen,1,0.9265171474749426,2.8682159691419096,0.7632282899459244,2.8682159691419096,0.8012004682324474,10.49405181530599,0.830315301884438,5.410161251196603
source_only,H6P7T1,ES,D,Canon,5,unseen,1,0.8159291173750957,10.0,0.785668232476809,4.500027444877858,0.8246734809767593,10.0,0.8087569436095547,8.166675814959286
generic_prompt,H6P7T1,ES,D,Canon,5,unseen,1,0.8059521041619131,10.0,0.7533335322018456,10.0,0.8968407479045999,3.9774999022483826,0.8187087947561196,7.992499967416127
latent_domain_prompt,H6P7T1,ES,D,Canon,5,unseen,1,0.8581105352286867,3.9774999022483826,0.7838173877005185,3.9774999022483826,0.8264695872028428,10.0,0.822799170044016,5.984999934832255
source_only,F6J9L9,ED,D,Canon,5,unseen,1,0.9187563285484664,10.0,0.7288796325964625,3.3750205836583933,0.8797380798672139,10.0,0.8424580136707144,7.7916735278861315
generic_prompt,F6J9L9,ED,D,Canon,5,unseen,1,0.9362686208553676,2.8682159691419096,0.7526957084322428,2.8682159691419096,0.8715888918976034,10.0,0.8535177403950712,5.245477312761273
latent_domain_prompt,F6J9L9,ED,D,Canon,5,unseen,1,0.9370478220407767,2.5155918168403946,0.7411364740165828,2.8682159691419096,0.8753869727008544,10.0,0.8511904229194046,5.127935928660768
source_only,F6J9L9,ES,D,Canon,5,unseen,1,0.8791589557822266,5.031183633680789,0.8274727645346168,2.8682159691419096,0.8694804102909469,4.283898498793784,0.85870404353593,4.061099367205494
generic_prompt,F6J9L9,ES,D,Canon,5,unseen,1,0.9121279849429823,2.3864999413490295,0.8298258733041797,3.181999921798706,0.8784517504413982,3.3750205836583933,0.8734685362295199,2.98117348226871
latent_domain_prompt,F6J9L9,ES,D,Canon,5,unseen,1,0.9131513647643023,2.3864999413490295,0.8401930480993872,2.5155918168403946,0.8624033119076652,6.413525881151749,0.8719159082571183,3.771872546447058
source_only,E3F2U7,ED,C,GE,4,unseen,0,0.8854640057960315,10.109571960787274,0.8314546068175286,10.0,0.8853624266469251,7.421999335289553,0.8674270130868283,9.17719043202561
generic_prompt,E3F2U7,ED,C,GE,4,unseen,0,0.8882107078883512,10.0,0.8197175297702716,10.0,0.928017375116407,2.968801259994507,0.8786485375916766,7.656267086664836
latent_domain_prompt,E3F2U7,ED,C,GE,4,unseen,0,0.7987421383649237,27.83136883180051,0.7793413608009725,20.489778111854363,0.9133235043067329,4.1985173200009624,0.830469001157543,17.506554754551946
source_only,E3F2U7,ES,C,GE,4,unseen,0,0.8450604122248666,5.3520796091427805,0.8609350237718827,4.45320188999176,0.7957112770442356,10.524416172608916,0.8339022376803283,6.7765658905811526
generic_prompt,E3F2U7,ES,C,GE,4,unseen,0,0.8472246696037934,10.0,0.8728358208956067,3.3192185820369433,0.7945954640505154,10.0,0.8382186515166384,7.7730728606789805
latent_domain_prompt,E3F2U7,ES,C,GE,4,unseen,0,0.7805922226190143,10.0,0.8503916102483404,5.3520796091427805,0.7887224669607247,10.109571960787274,0.8065687666093598,8.487217189976684
source_only,H3R6S9,ED,C,GE,4,unseen,0,0.96825157232706,1.4844008684158325,0.8255472377524633,2.968801736831665,0.8901625921161012,9.50479979026015,0.8946538007318748,4.652667465169216
generic_prompt,H3R6S9,ED,C,GE,4,unseen,0,0.9355728738080568,10.0,0.81719307404523,10.0,0.9254918825933096,10.0,0.8927526101488654,10.0
latent_domain_prompt,H3R6S9,ED,C,GE,4,unseen,0,0.9656444776863796,1.4844008684158325,0.8222098628106951,3.3192195416531516,0.9144095341278928,6.297777497287807,0.9007546248749891,3.7004659691189303
source_only,H3R6S9,ES,C,GE,4,unseen,0,0.91037789702031,2.968801736831665,0.8361792956244787,2.968801736831665,0.7748189675312136,10.109571855765436,0.8404587200586674,5.349058443142923
generic_prompt,H3R6S9,ES,C,GE,4,unseen,0,0.8331473780303954,10.217968929539682,0.8474493132767761,10.0,0.7787501286937313,10.431384555878223,0.8197822733336343,10.216451161805969
latent_domain_prompt,H3R6S9,ES,C,GE,4,unseen,0,0.8716059776890427,10.0,0.847375271149807,2.968801736831665,0.7984504703931394,10.0,0.839143906410663,7.656267245610555
source_only,G7Q2W0,ED,B,Philips,2,in-domain,1,0.9472621751198853,2.3648648262023926,0.8078810408923361,2.3648648262023926,0.9267851266864401,2.3648648262023926,0.8939761142328871,2.3648648262023926
generic_prompt,G7Q2W0,ED,B,Philips,2,in-domain,1,0.9503448275862314,1.6722119551972578,0.8015477342065619,2.3648648262023926,0.9378334680679313,2.3648648262023926,0.8965753432869082,2.1339805358673476
latent_domain_prompt,G7Q2W0,ED,B,Philips,2,in-domain,1,0.9533704513820077,1.6722119551972578,0.8090978013648149,2.3648648262023926,0.9373589859293854,2.3648648262023926,0.8999424128920693,2.1339805358673476
source_only,G7Q2W0,ES,B,Philips,2,in-domain,1,0.8623548922058287,3.547297239303589,0.8590716124992281,3.3444239103945157,0.8775821715682532,4.263320695206981,0.8663362254244368,3.7183472816350283
generic_prompt,G7Q2W0,ES,B,Philips,2,in-domain,1,0.8647023451595132,43.45978785532556,0.8632956249149085,2.6439992544933877,0.8604048738368413,10.0,0.862800947970421,18.70126236993965
latent_domain_prompt,G7Q2W0,ES,B,Philips,2,in-domain,1,0.8999357739243418,2.3648648262023926,0.8796072194178275,2.3648648262023926,0.9084879262100648,1.6722119551972578,0.8960103065174113,2.1339805358673476
source_only,E4O8P3,ED,B,Philips,2,in-domain,1,0.9313173413736836,2.6439992544933877,0.6100061199513387,6.36759341784769,0.7446709376821522,10.610528625095494,0.7619981330023915,6.540707099145524
generic_prompt,E4O8P3,ED,B,Philips,2,in-domain,1,0.9103977000479547,27.28636098356867,0.6115160946845675,5.9121620655059814,0.8909402360107105,5.9121620655059814,0.8042846769144109,13.036895038193544
latent_domain_prompt,E4O8P3,ED,B,Philips,2,in-domain,1,0.9216862157157061,3.3444239103945157,0.5652103297063787,5.9121620655059814,0.784467713787203,10.033271731183548,0.7571214197364293,6.429952569028015
source_only,E4O8P3,ES,B,Philips,2,in-domain,1,0.8420516304350508,3.547297239303589,0.8093428491984342,3.3444239103945157,0.6169276790434332,15.614624941700871,0.7561073862256394,7.502115363799658
generic_prompt,E4O8P3,ES,B,Philips,2,in-domain,1,0.7997090909093822,21.69121478989511,0.7192936445495941,7.094594478607178,0.7482501166591831,11.616955723803374,0.755750950706053,13.467588330768555
latent_domain_prompt,E4O8P3,ES,B,Philips,2,in-domain,1,0.8545712932261889,5.9121620655059814,0.7566736041989353,4.729729652404785,0.7044419134400564,10.57599701797355,0.7718956036217269,7.0726295786281055
source_only,D7T3V8,ED,C,GE,4,unseen,0,0.8867967591008292,17.89816837046203,0.8140284869659944,4.198517657175751,0.8752046341771343,6.638440895914937,0.858676626747986,9.57837564118424
generic_prompt,D7T3V8,ED,C,GE,4,unseen,0,0.9077964519141528,10.109571978290917,0.8273481579821923,3.3192188485970187,0.8333731485906394,10.217968860267883,0.856172586162328,7.8822532290519405
latent_domain_prompt,D7T3V8,ED,C,GE,4,unseen,0,0.8861190490667683,10.0,0.8098192976475896,4.198517657175751,0.8763492986879475,6.2977764857636265,0.8574292151341019,6.832098047646459
source_only,D7T3V8,ES,C,GE,4,unseen,0,0.8764845605702546,10.0,0.8592985887942858,3.3192204479574685,0.8087108013940615,6.120340790599681,0.8481646502528672,6.479853746185717
generic_prompt,D7T3V8,ES,C,GE,4,unseen,0,0.8259205490301889,10.0,0.8572377158035477,10.0,0.7067846607673941,10.0,0.7966476418670435,10.0
latent_domain_prompt,D7T3V8,ES,C,GE,4,unseen,0,0.8267026298046841,10.0,0.84300087784466,10.0,0.789343857918452,6.2977764857636265,0.8196824551892653,8.765925495254542
source_only,D8O0W2,ED,B,Philips,3,in-domain,1,0.9478939724038237,2.099223256647563,0.8251725798686383,2.099223256647563,0.8725637181410419,10.0,0.8818767568045013,4.732815504431708
generic_prompt,D8O0W2,ED,B,Philips,3,in-domain,1,0.9569824876515878,1.484375,0.8109250037727314,2.099223256647563,0.9584164737808617,1.484375,0.9087746550683936,1.689324418882521
latent_domain_prompt,D8O0W2,ED,B,Philips,3,in-domain,1,0.9581020590868773,1.484375,0.8087010182045531,2.099223256647563,0.8424379232507067,10.0,0.8697470001807123,4.527866085549188
source_only,D8O0W2,ES,B,Philips,3,in-domain,1,0.9447158652611347,1.484375,0.9181189488244562,1.484375,0.8254627880622866,10.0,0.896099200715959,4.322916666666667
generic_prompt,D8O0W2,ES,B,Philips,3,in-domain,1,0.9335909200677769,1.484375,0.8890697043668442,2.099223256647563,0.8290193219106289,10.0,0.8838933154484166,4.527866085549188
latent_domain_prompt,D8O0W2,ES,B,Philips,3,in-domain,1,0.9344743276285221,1.484375,0.8990093560815919,1.484375,0.8431522570775762,10.0,0.8922119802625635,4.322916666666667
source_only,D6N7Q8,ED,C,GE,4,unseen,1,0.9139784946237091,10.0,0.838592080452647,10.0,0.9007991788254999,10.0,0.884456584633952,10.0
generic_prompt,D6N7Q8,ED,C,GE,4,unseen,1,0.9486915044476288,2.0992588285877063,0.8516300731870582,3.3192196482770724,0.8915332467907893,5.3520808655253225,0.8972849414751588,3.590186447463367
latent_domain_prompt,D6N7Q8,ED,C,GE,4,unseen,1,0.9522763965127851,1.4844001531600952,0.8562048588313486,3.3192196482770724,0.9283909014322368,2.9688003063201904,0.9122907189254569,2.590806702585786
source_only,D6N7Q8,ES,C,GE,4,unseen,1,0.8291862811031789,20.0,0.8615526680299047,8.906400918960571,0.815212091662904,4.69408544308869,0.8353170135986625,11.200162120683087
generic_prompt,D6N7Q8,ES,C,GE,4,unseen,1,0.8233966522478401,7.422000765800476,0.8112438891907854,7.422000765800476,0.758028041610496,10.537867660560917,0.7975561943497071,8.460623064053957
latent_domain_prompt,D6N7Q8,ES,C,GE,4,unseen,1,0.8195329087052315,6.120338622162105,0.8376619018858884,5.3520808655253225,0.771382463690566,10.0,0.8095257580938954,7.157473162562476
source_only,E1L8Y4,ED,B,Philips,3,in-domain,1,0.9327536231884546,3.2680992902165986,0.7075681691712471,3.2680992902165986,0.9298566207478705,2.0669274753328173,0.856726137702524,2.8677086852553386
generic_prompt,E1L8Y4,ED,B,Philips,3,in-domain,1,0.8952341824158483,10.0,0.6893152144954845,10.0,0.9382647770480896,2.0669274753328173,0.8409380579864741,7.355642491777606
latent_domain_prompt,E1L8Y4,ED,B,Philips,3,in-domain,1,0.9024082889947477,10.0,0.6675116180824285,6.026077339399852,0.9231098125846767,2.923076868057251,0.8310099065539509,6.316384735819034
source_only,E1L8Y4,ES,B,Philips,3,in-domain,1,0.8355284291682693,10.0,0.8180079071549318,3.2680992902165986,0.8219219219221893,10.0,0.8251527527484636,7.756033096738865
generic_prompt,E1L8Y4,ES,B,Philips,3,in-domain,1,0.8301068607715191,10.106240378802735,0.7858026218157484,10.0,0.8149532710283034,10.0,0.8102875845385237,10.035413459600912
latent_domain_prompt,E1L8Y4,ES,B,Philips,3,in-domain,1,0.8683556880280372,10.0,0.7968471904401261,4.621790339406199,0.8350342726582863,10.0,0.8334123837088167,8.207263446468733
source_only,D1S5T8,ED,D,Canon,5,unseen,0,0.9239151371729111,2.8824161845024796,0.6535955385972095,5.544438054127591,0.8438999017511866,9.384466815014417,0.807136859173769,5.9371070178814955
generic_prompt,D1S5T8,ED,D,Canon,5,unseen,0,0.9493204265976449,1.8229999542236328,0.7825771700850515,2.0381759369675323,0.8186342136382,10.0,0.8501772701069655,4.6203919637303885
latent_domain_prompt,D1S5T8,ED,D,Canon,5,unseen,0,0.941705295687613,2.0381759369675323,0.727252735169758,2.8824160337133304,0.8833071396497859,10.0,0.8507550568357188,4.9735306568936215
source_only,D1S5T8,ES,D,Canon,5,unseen,0,0.8922568460812595,7.119042600011062,0.7461996416393584,10.0,0.827029604901197,8.599073743894898,0.821828697540605,8.572705447968653
generic_prompt,D1S5T8,ES,D,Canon,5,unseen,0,0.8675839102620859,10.0,0.7884104466390354,10.0,0.8885252471280094,6.380500257015228,0.8481732013430436,8.793500085671743
latent_domain_prompt,D1S5T8,ES,D,Canon,5,unseen,0,0.8547239484824576,10.0,0.7557722183533745,10.0,0.8203384708371788,10.0,0.8102782125576704,10.0
source_only,D5G3W8,ED,C,GE,4,unseen,1,0.9515656679432668,1.4844002723693848,0.8719790497569233,2.099258828587713,0.929720146891269,3.319219488341034,0.9177549548638196,2.3009595297660437
generic_prompt,D5G3W8,ED,C,GE,4,unseen,1,0.9308269559403144,3.319219808213124,0.841292031491545,10.0,0.9305245367296852,2.9688000679016113,0.9008811747205149,5.429339958704912
latent_domain_prompt,D5G3W8,ED,C,GE,4,unseen,1,0.9270268315614906,10.0,0.8440778525433441,10.0,0.9312799116456428,7.422000598907493,0.9007948652501593,9.140666866302498
source_only,D5G3W8,ES,C,GE,4,unseen,1,0.7979120059661996,10.0,0.8505256966400628,10.0,0.8446181767418056,10.0,0.8310186264493561,10.0
generic_prompt,D5G3W8,ES,C,GE,4,unseen,1,0.7473195139389791,50.1949287206573,0.865716842177806,4.198517657175426,0.7997019744197197,10.109571908276349,0.804246110178835,21.501006095369693
latent_domain_prompt,D5G3W8,ES,C,GE,4,unseen,1,0.8445067040227247,10.0,0.8832816084199951,4.453200101852417,0.8690026954179663,10.0,0.8655970026202287,8.151066700617472
source_only,D7M8P9,ED,C,GE,4,unseen,0,0.9645631987872233,1.4844001531600952,0.7983453981388708,2.9688003063201904,0.7715238690850827,15.595632591831604,0.8448108220037257,6.682944350437296
generic_prompt,D7M8P9,ED,C,GE,4,unseen,0,0.9627435995414952,1.4843995571136475,0.7989768281676212,5.937598943710327,0.8840208316112391,10.0,0.8819137531067852,5.807332833607991
latent_domain_prompt,D7M8P9,ED,C,GE,4,unseen,0,0.9035905574291772,10.0,0.7321867321871709,10.0,0.7251341312425452,10.431384148750675,0.7869704736196311,10.143794716250225
source_only,D7M8P9,ES,C,GE,4,unseen,0,0.8786264061578489,2.9688003063201904,0.8362213527113169,2.968799114227295,0.6883832335336805,20.834540663664832,0.8010769974676154,8.92404669473744
generic_prompt,D7M8P9,ES,C,GE,4,unseen,0,0.8370660694293475,93.26098676725562,0.7458866544794408,70.98060160433121,0.8046647230324259,10.0,0.795872482313738,58.08052945719561
latent_domain_prompt,D7M8P9,ES,C,GE,4,unseen,0,0.8893466745147459,2.968799114227295,0.8277898051568042,2.968799114227295,0.600625150277469,10.845623238866619,0.7725872099830063,5.5944071557737365
source_only,D1H6U2,ED,A,Siemens,1,in-domain,0,0.9530152023148152,1.878252387526767,0.8637742010730644,3.984375,0.8737391007010284,5.634757162580301,0.8968428346963027,3.832461516702356
generic_prompt,D1H6U2,ED,A,Siemens,1,in-domain,0,0.9445959059193454,2.65625,0.8343244891735917,30.737107525802333,0.8359244399866951,47.218301966139926,0.8716149450265441,26.870553163980748
latent_domain_prompt,D1H6U2,ED,A,Siemens,1,in-domain,0,0.9533917441965706,1.878252387526767,0.8681965169284029,2.9697777826169083,0.8015012510426275,8.909333347850724,0.8743631707225337,4.585787839331466
source_only,D1H6U2,ES,A,Siemens,1,in-domain,0,0.8252316283794577,8.800000190734863,0.8421960333429794,5.634757162580301,0.6574083965391972,9.568245998192857,0.7749453527538782,8.00100111716934
generic_prompt,D1H6U2,ES,A,Siemens,1,in-domain,0,0.8619128466329061,4.788622787725611,0.8335769306735795,38.42669526668475,0.6198276678348453,56.624155441344676,0.7717724817137771,33.279824498585015
latent_domain_prompt,D1H6U2,ES,A,Siemens,1,in-domain,0,0.8481383349604683,5.939555565233817,0.8627384771231374,4.199900017411129,0.7163344676717107,13.00629217607515,0.8090704265851055,7.715249252906698
source_only,D1R0Y5,ED,B,Philips,3,in-domain,0,0.966817598161812,1.484375,0.8511798885333199,1.484375,0.9324714447094687,4.198446513295126,0.9168229771348669,2.389065504431709
generic_prompt,D1R0Y5,ED,B,Philips,3,in-domain,0,0.95164849862907,2.099223256647563,0.8299637723503214,2.099223256647563,0.9647158506324731,1.484375,0.9154427072039549,1.894273837765042
latent_domain_prompt,D1R0Y5,ED,B,Philips,3,in-domain,0,0.9717133620689846,1.484375,0.8654713989512556,1.484375,0.954080068665346,1.484375,0.9304216098951955,1.484375
source_only,D1R0Y5,ES,B,Philips,3,in-domain,0,0.9323088181486785,1.484375,0.9202304453801017,1.484375,0.8753418047291694,3.3191634041012503,0.9092936894193165,2.0959711347004166
generic_prompt,D1R0Y5,ES,B,Philips,3,in-domain,0,0.9230240549829501,2.099223256647563,0.8855710781701125,2.099223256647563,0.8467948717951174,4.694005901812438,0.8851300016493934,2.9641508050358545
latent_domain_prompt,D1R0Y5,ES,B,Philips,3,in-domain,0,0.9395925597875295,1.484375,0.9061032863850814,1.484375,0.8783085861848317,2.96875,0.9080014774524808,1.9791666666666667
source_only,D2U0V0,ED,C,GE,4,unseen,1,0.9049992878508012,7.422000765800476,0.8402376910018334,2.9688003063201904,0.8193126713052081,10.109571785750907,0.8548498833859476,6.833457619290525
generic_prompt,D2U0V0,ED,C,GE,4,unseen,1,0.9701442468970345,1.484399437904358,0.8746627422125136,1.4844001531600952,0.9254129606099585,2.968798875808716,0.9234066499065022,1.979199488957723
latent_domain_prompt,D2U0V0,ED,C,GE,4,unseen,1,0.9617112586334328,1.4844001531600952,0.8577222582739635,2.0992583228255848,0.8464948739264018,10.0,0.8886427969445995,4.527886158661893
source_only,D2U0V0,ES,C,GE,4,unseen,1,0.9159028782763854,2.968798875808716,0.8906355645707483,2.0992583228255848,0.9045117428926074,2.0992583228255848,0.9036833952465804,2.389105173819962
generic_prompt,D2U0V0,ES,C,GE,4,unseen,1,0.8834047583864587,10.0,0.8791951842995966,10.0,0.8851695531947531,4.022657182201704,0.8825898319602694,8.007552394067234
latent_domain_prompt,D2U0V0,ES,C,GE,4,unseen,1,0.893617021276761,10.0,0.8484996340572103,10.536470635196757,0.902945736434259,2.0992583228255848,0.8816874639227436,7.545242986007447
source_only,C8J7L5,ED,C,GE,4,unseen,1,0.792574409328333,20.915509528421335,0.8002320634308643,15.80614296196053,0.7036376604855499,15.524831125998176,0.765481377748249,17.415494538793347
generic_prompt,C8J7L5,ED,C,GE,4,unseen,1,0.8059834123225622,22.538161628199948,0.8072630981654935,20.109870385499413,0.7021671826629997,30.0,0.771804564383685,24.21601067123312
latent_domain_prompt,C8J7L5,ED,C,GE,4,unseen,1,0.8846278843030799,10.946734268590719,0.8267731878411665,13.225622014369199,0.7375000000004557,14.421120954310885,0.8163003573815674,12.864492412423601
source_only,C8J7L5,ES,C,GE,4,unseen,1,0.33274802458589664,45.076323256399895,0.6435643564360356,24.05158872765467,0.5131313131345917,12.453356435910313,0.496481231385508,27.19375613998829
generic_prompt,C8J7L5,ES,C,GE,4,unseen,1,0.3947476405441332,45.94778430897416,0.7049833171889947,30.473673309765445,0.5957268537930636,20.48977772322429,0.5651526038420638,32.303745113987965
latent_domain_prompt,C8J7L5,ES,C,GE,4,unseen,1,0.4742729306517099,20.543476692320887,0.7406583629896122,20.0,0.591847005538038,11.342167561375161,0.6022594330597867,17.295214751232017
source_only,C8I7P7,ED,B,Philips,2,in-domain,1,0.9303910808157065,2.7557175140804273,0.7887841108238431,2.4647886753082275,0.882087382355282,5.511435028160855,0.8670875246649438,3.5773137391831695
generic_prompt,C8I7P7,ED,B,Philips,2,in-domain,1,0.9134975149383406,10.0,0.7657370517930153,3.6971830129623413,0.800949474398236,10.0,0.826728013709864,7.899061004320781
latent_domain_prompt,C8I7P7,ED,B,Philips,2,in-domain,1,0.9311456859972101,2.7557175140804273,0.7560193935411652,2.7557175140804273,0.8403964947566152,10.0,0.8425205247649968,5.170478342720284
source_only,C8I7P7,ES,B,Philips,2,in-domain,1,0.8611274221963283,10.0,0.8152581597639332,3.6971830129623413,0.7520333680922794,10.0,0.8094729833508469,7.899061004320781
generic_prompt,C8I7P7,ES,B,Philips,2,in-domain,1,0.8410187667562453,10.0,0.7952678773266557,10.0,0.7115789473689731,10.075653616688196,0.7826218638172913,10.0252178722294
latent_domain_prompt,C8I7P7,ES,B,Philips,2,in-domain,1,0.909826589595506,2.4647886753082275,0.8280806807439111,3.4857375730045104,0.7654320987659229,10.0,0.8344464563684465,5.316842082770912
source_only,C6E0F9,ED,A,Siemens,1,in-domain,0,0.9029196030491135,9.600000381469727,0.7569627675170947,9.819036601328918,0.9129211555617148,5.258095753323387,0.8576011753759744,8.225710912040677
generic_prompt,C6E0F9,ED,A,Siemens,1,in-domain,0,0.9405813514534235,2.0623948346565615,0.7741935483873272,10.448631352492592,0.9417034362883128,2.0623948346565615,0.8854927787096877,4.857807007268572
latent_domain_prompt,C6E0F9,ED,A,Siemens,1,in-domain,0,0.9372877518678309,2.0623948346565615,0.778388665680082,4.124789669313123,0.9317220543807105,2.9166667461395264,0.882466157309541,3.034617083369737
source_only,C6E0F9,ES,A,Siemens,1,in-domain,1,0.9280423280424549,2.0623948346565615,0.8401360544219628,9.600000381469727,0.8684246859038127,8.503471745017274,0.8788676894560767,6.721955653714521
generic_prompt,C6E0F9,ES,A,Siemens,1,in-domain,1,0.9163304683390346,2.9166667461395264,0.7999518536352912,19.638073202657836,0.8887063655032325,4.124789669313123,0.8683295624925195,8.893176539370161
latent_domain_prompt,C6E0F9,ES,A,Siemens,1,in-domain,1,0.928712515712105,2.0623948346565615,0.8444329496963088,3.2609325560405518,0.8788732394367993,4.3750001192092896,0.8840062349484045,3.2327758366354673
source_only,C5L0R0,ED,D,Canon,5,unseen,1,0.8804122209679399,10.0,0.6560788940316254,5.386948489345001,0.8343614238053346,8.943141785795868,0.7902841796016333,8.110030091713623
generic_prompt,C5L0R0,ED,D,Canon,5,unseen,1,0.8413523156327131,20.0,0.6057843799235861,20.0,0.8256075874333549,10.035326885955042,0.7575814276632181,16.678442295318348
latent_domain_prompt,C5L0R0,ED,D,Canon,5,unseen,1,0.8834006090220445,10.0,0.6494679135763686,10.0,0.8548855750066386,6.782777529757773,0.7959180325350173,8.927592509919258
source_only,C5L0R0,ES,D,Canon,5,unseen,1,0.8700916020755012,10.0,0.7492634328585642,4.206500053405762,0.8478002864743819,4.206500053405762,0.8223851071361491,6.137666702270508
generic_prompt,C5L0R0,ES,D,Canon,5,unseen,1,0.7677159736294508,22.403596629737454,0.6747545423767988,22.403596629737454,0.8729214710523636,3.3652000427246094,0.7717973290195377,16.057464434066507
latent_domain_prompt,C5L0R0,ES,D,Canon,5,unseen,1,0.8645360564801234,35.60966958770462,0.7161446648120746,10.0,0.8491902414779235,4.206500053405762,0.8099569875900405,16.60538988037013
source_only,B0H7V0,ED,A,Siemens,1,in-domain,0,0.9449826989619567,2.8333332538604736,0.8321872113312982,2.0034691571660868,0.8447858570978403,9.600000381469727,0.8739852557970318,4.812267597498763
generic_prompt,B0H7V0,ED,A,Siemens,1,in-domain,0,0.9362023924103066,2.8333332538604736,0.808463138667711,2.8333332538604736,0.8581200124365954,9.600000381469727,0.8675951811715376,5.088888963063558
latent_domain_prompt,B0H7V0,ED,A,Siemens,1,in-domain,0,0.9311428376255444,4.0069383143321735,0.7936753991630271,2.8333332538604736,0.8362091571826527,9.600000381469727,0.8536757979904079,5.480090649887458
source_only,B0H7V0,ES,A,Siemens,1,in-domain,0,0.9333477019236309,2.8333332538604736,0.854726534245894,2.0034691571660868,0.8840993132594991,2.8333332538604736,0.8907245164763413,2.5567118882956783
generic_prompt,B0H7V0,ES,A,Siemens,1,in-domain,0,0.9097886657554884,19.57465032749279,0.8275446477485332,2.8333332538604736,0.8871844039630477,2.8333332538604736,0.8748392391556897,8.41377227840458
latent_domain_prompt,B0H7V0,ES,A,Siemens,1,in-domain,0,0.9326107951497303,2.8333332538604736,0.833595152603325,2.8333332538604736,0.8845172267121603,2.8333332538604736,0.8835743914884052,2.8333332538604736
source_only,C4E9I1,ED,A,Siemens,1,in-domain,0,0.8709594443968658,10.797239515792535,0.8099804305284687,8.975800986927776,0.8908818011257446,6.25,0.8572738920170263,8.674346834240104
generic_prompt,C4E9I1,ED,A,Siemens,1,in-domain,0,0.9093183239525108,8.800000190734863,0.8192186612995721,8.800000190734863,0.7919856415516677,44.30445816650661,0.8401742089345836,20.634819515992113
latent_domain_prompt,C4E9I1,ED,A,Siemens,1,in-domain,0,0.9323170171733253,7.2886898685566255,0.8167398992606276,5.0,0.8116763836755005,8.800000190734863,0.8535777667031512,7.029563353097163
source_only,C4E9I1,ES,A,Siemens,1,in-domain,0,0.6756421273754648,27.129735166646995,0.7765324340409757,20.242529817879348,0.7574424552432149,9.233228219692917,0.7365390055532185,18.86849773473975
generic_prompt,C4E9I1,ES,A,Siemens,1,in-domain,0,0.7677363826389183,8.800000190734863,0.7901220614829396,8.800000190734863,0.652793898192959,96.55405307127064,0.736884114104939,38.051351150913455
latent_domain_prompt,C4E9I1,ES,A,Siemens,1,in-domain,0,0.768565615463163,8.800000190734863,0.7783802491925598,8.800000190734863,0.8037954665263006,8.975800986927776,0.7835804437273411,8.858600456132502
source_only,A9F3T5,ED,C,GE,4,unseen,1,0.734863657372154,50.11801970364251,0.757559539738082,10.0,0.639633027523597,20.060942316414977,0.7106854082112776,26.726320673352493
generic_prompt,A9F3T5,ED,C,GE,4,unseen,1,0.5944106055184621,18.551019567044477,0.6041467304631513,32.21019961561619,0.8276996709544904,18.551025350463274,0.6754190023120344,23.104081511041315
latent_domain_prompt,A9F3T5,ED,C,GE,4,unseen,1,0.7923657072498194,10.241230877794804,0.7541074909499386,10.0,0.8507462686569391,11.997720159708653,0.799073155618899,10.746317012501152
source_only,A9F3T5,ES,C,GE,4,unseen,1,0.6219723183407354,60.384911695262204,0.7810749612682861,11.154104000342075,0.8699830412666196,3.124998092651367,0.7576767736252137,24.888004596085214
generic_prompt,A9F3T5,ES,C,GE,4,unseen,1,0.561520190025836,15.702921180449072,0.7123112362430096,21.471729449749176,0.8380952380956664,3.493854562171088,0.7039755547881706,13.556168397456446
latent_domain_prompt,A9F3T5,ES,C,GE,4,unseen,1,0.6876916338165234,10.59278149031706,0.8192331101645535,7.812495231628418,0.8553054662383298,4.419416202304424,0.7874100700731356,7.608230974749968
source_only,A5C2D2,ED,B,Philips,3,in-domain,1,0.931746818707708,2.7941176891326904,0.725105612553221,2.7941176891326904,0.8149377593362532,10.0,0.823930063532394,5.196078459421794
generic_prompt,A5C2D2,ED,B,Philips,3,in-domain,1,0.9352941176471117,2.7941176891326904,0.7086776859508431,3.1239185450176605,0.8532845044633759,10.0,0.8324187693537769,5.306012078050117
latent_domain_prompt,A5C2D2,ED,B,Philips,3,in-domain,1,0.9321895424837155,2.7941176891326904,0.7000739098304507,3.1239185450176605,0.8408891721776425,10.0,0.8243842081639362,5.306012078050117
source_only,A5C2D2,ES,B,Philips,3,in-domain,1,0.8978758169936726,2.7941176891326904,0.8422721268165888,2.7941176891326904,0.851393699488947,6.247837090035321,0.8638472144330694,3.9453574894335675
generic_prompt,A5C2D2,ES,B,Philips,3,in-domain,1,0.8909693778039965,2.7941176891326904,0.8432347552998649,2.7941176891326904,0.8486446886449104,10.0,0.8609496072495905,5.196078459421794
latent_domain_prompt,A5C2D2,ES,B,Philips,3,in-domain,1,0.8881877341749395,3.1239185450176605,0.8335737704920215,2.7941176891326904,0.8539638386650379,10.0,0.8585751144439996,5.306012078050117
