patient,phase,vendor,centre,latent_cluster,PC1,PC2
W5Z4Z8,ED,B,2,1,-3.857679033036783,-1.272068126553962
W5Z4Z8,ES,B,2,1,-3.923824603437586,-1.040944977466173
T2T9Z9,ED,A,1,0,0.13360037939033187,0.6095540095111974
T2T9Z9,ES,A,1,0,-0.062229877035063066,0.1683521449698546
S1S3Z7,ED,A,1,0,0.6439229875553859,2.1983987507674203
S1S3Z7,ES,A,1,0,0.8304161300059008,1.9528972075373312
Q3R9W7,ED,A,1,0,2.897081836545373,1.4472918677147093
Q3R9W7,ES,A,1,0,3.023111874422101,1.4382395428286112
Q7V1Y5,ED,B,2,1,-4.386065924404689,-1.0948662662622677
Q7V1Y5,ES,B,2,1,-4.351175513091598,-0.7453541061816876
P9S7W2,ED,B,3,1,-3.9086716473718996,0.30382232818200194
P9S7W2,ES,B,3,1,-3.9063861300405764,0.23599364112478755
T9U9W2,ED,A,1,0,1.4881542938874142,-3.483818417779099
T9U9W2,ES,A,1,0,1.5105319607420142,-3.315658055589698
Q0U0V5,ED,A,1,0,1.7744443737486109,1.17470227104684
Q0U0V5,ES,A,1,0,1.8252701367050708,0.7828328622100399
P5R1Y4,ED,A,1,0,1.2543337079978512,2.4448077300276942
P5R1Y4,ES,A,1,0,1.5688988313278671,2.263701310776067
P0S5Y0,ED,A,1,0,0.2954793758849571,-1.799675086220578
P0S5Y0,ES,A,1,0,0.6372015615386444,-2.317359154500008
O0S9V7,ED,A,1,0,3.364118368709365,1.6571172219938737
O0S9V7,ES,A,1,0,3.6537787844214065,1.483550970161653
O3R8Y5,ED,B,2,1,-3.685941169089019,-0.6382157724210329
O3R8Y5,ES,B,2,1,-3.670172647182578,-0.7026450888239132
N7V9W9,ED,B,3,0,2.7789717609222686,-3.620707213794618
N7V9W9,ES,B,3,0,2.8860397378041744,-3.207571473998448
N5S7Y1,ED,A,1,1,-0.6175426062697987,1.6848102139723968
N5S7Y1,ES,A,1,1,-0.49894225692641153,1.3410924155419868
N1P8Q9,ED,B,2,1,-3.024881889793732,0.8794970297967574
N1P8Q9,ES,B,2,1,-3.0655727627105103,0.6874552511193615
M4P7Q6,ED,B,2,1,-3.117644708117109,1.734515366200964
M4P7Q6,ES,B,2,1,-3.0129911026210934,1.5962587241553166
M1R4S1,ED,A,1,0,2.193797526267796,0.5109086268601382
M1R4S1,ES,A,1,0,2.3961222196549308,0.3482332157679848
M2P1R1,ED,A,1,1,-0.4979206998708891,1.3762395993437315
M2P1R1,ES,A,1,0,-0.2659945829172581,1.2573849266781203
L5Q6T7,ED,B,2,1,-2.1109176373337215,0.9583286188285869
L5Q6T7,ES,B,2,1,-1.9520375956130753,0.5972557867849869
M0P8U8,ED,B,3,0,1.0574738268781279,1.22586400630677
M0P8U8,ES,B,3,0,0.9353721192498307,1.1863691832055405
L4Q2U3,ED,A,1,0,1.1257684282454767,0.4319288549126734
L4Q2U3,ES,A,1,0,1.4017300202359295,-0.003996263411518107
K5L2U3,ED,A,1,0,1.0304577001320236,1.2509454932641082
K5L2U3,ES,A,1,0,1.0214514113223927,1.4020337429171468
J9L6N9,ED,B,2,1,-3.622368004846405,1.467937548519451
J9L6N9,ES,B,2,1,-3.526527578730942,1.67612378487695
K2S1U6,ED,B,2,0,0.9010544356473351,-1.621575313887416
K2S1U6,ES,B,2,0,0.9743893735722531,-2.052647847251609
J8R5W2,ED,A,1,0,3.667552946400767,-2.4727547658080593
J8R5W2,ES,A,1,0,4.148836998959042,-2.2366935535910266
J6K6P5,ED,A,1,0,1.9336469122510256,-0.9077126352407124
J6K6P5,ES,A,1,0,1.86435502555559,-1.2450888827216124
J4J9W6,ED,B,2,1,-3.883577183006544,0.5344202499238084
J4J9W6,ES,B,2,1,-3.8024681300887906,0.4020446389621309
J1T9Y1,ED,A,1,0,-0.27784314132883803,1.5006452137753046
J1T9Y1,ES,A,1,0,-0.1810990761605478,1.5204202754029676
I7T3U1,ED,A,1,0,2.20242168521628,-0.1662163192139428
I7T3U1,ES,A,1,0,2.2889964067012434,-0.458986387336623
I6N3P3,ED,B,2,1,-0.9049888422209684,0.5159910090629303
I6N3P3,ES,B,2,1,-0.7026834648911848,0.7414843731278504
I2K2Y8,ED,B,2,0,-0.03670702955367829,-0.370106987192046
I2K2Y8,ES,B,2,0,-0.1846678084298829,0.13250875361577213
I0J5U3,ED,B,2,1,-3.6584529782234188,0.6146835233375384
I0J5U3,ES,B,2,1,-3.6767450222735163,0.5082366739363395
H7I4J3,ED,B,3,1,-1.3557246955513143,2.120662140448111
H7I4J3,ES,B,3,1,-1.2490053872554383,2.036710626798244
H6I0I6,ED,B,2,1,-3.164752109066955,-0.5888632322361737
H6I0I6,ES,B,2,1,-3.1045304678777983,-0.7398121682232321
H7N4V9,ED,B,2,1,-3.614069974205391,0.14120507362935525
H7N4V9,ES,B,2,1,-3.4900032777243286,-0.5246433957907409
H5N0P0,ED,A,1,1,-1.7289861140022111,-0.5984259615519361
H5N0P0,ES,A,1,1,-1.56546678213986,-0.7275442788048807
H1M5Y6,ED,B,2,1,-1.2941221489061892,0.5392225652438011
H1M5Y6,ES,B,2,1,-1.2707507573587784,0.5412264577436088
H0K3Q4,ED,B,3,1,-3.433523674399921,1.4388576487429638
H0K3Q4,ES,B,3,1,-3.391147711147454,1.2925517465379601
H3U1Y1,ED,B,3,0,0.07713827725573595,-0.2371636552335404
H3U1Y1,ES,B,3,0,0.02736438108916336,-0.443700426253916
H1J5W8,ED,B,2,1,-3.352167461775248,0.018737767727361455
H1J5W8,ES,B,2,1,-3.2765516509328045,-0.12849539151157816
H4I2T8,ED,B,3,0,1.5910096469856112,0.34605564013331797
H4I2T8,ES,B,3,0,1.8208842271003656,0.11560359321479637
H1W2Y1,ED,B,2,1,-3.511225874866778,0.536154614485705
H1W2Y1,ES,B,2,1,-3.45825506855538,0.5048648879204163
H1I3W0,ED,A,1,0,2.5986246205925596,-2.6388886800028564
H1I3W0,ES,A,1,0,2.7336765705258532,-2.893370004079702
G9L0O9,ED,B,2,1,-1.6368230866638276,2.9381213306580456
G9L0O9,ES,B,2,1,-1.2857167743438498,2.0426259766806525
G7I5V7,ED,A,1,0,1.9870970236765402,0.5521718121871078
G7I5V7,ES,A,1,0,1.9222259590257706,0.6589165852157681
G5P4U3,ED,A,1,0,2.3193432775147182,-0.1143475532641384
G5P4U3,ES,A,1,0,2.515109183821394,-0.3418833376496971
G8N2U5,ED,B,3,1,-1.2460036063539157,0.855983832270943
G8N2U5,ES,B,3,1,-1.050846529201533,0.5482752908889428
G4S9U3,ED,A,1,0,1.1771419787774595,2.325403812221285
G4S9U3,ES,A,1,0,1.2422815655770099,2.328375627999839
G4L8Z7,ED,B,2,0,1.9274981259027781,-2.514647435499579
G4L8Z7,ES,B,2,0,1.9182357909819387,-2.0444967657450333
G2O2S6,ED,B,2,1,-3.985483052057689,0.48726893984871134
G2O2S6,ES,B,2,1,-4.0123738662705435,0.7451100604834956
G2J1M5,ED,B,2,1,-4.263948366816956,1.0144882787563794
G2J1M5,ES,B,2,1,-4.280375763663055,1.2263272339279843
G1N6S7,ED,B,2,1,-3.922524048630192,-3.695483377049294
G1N6S7,ES,B,2,1,-3.8866099039619697,-3.1289273145600607
G0I6P3,ED,B,3,1,-3.66717212363022,2.6102987318221316
G0I6P3,ES,B,3,1,-3.5579185976702243,2.4969505500910913
F8N2S1,ED,B,3,0,3.697975621722263,-5.04303973869863
F8N2S1,ES,B,3,0,3.452989712946324,-5.592154628951109
F4K3S1,ED,B,3,0,-0.32797494028112933,-0.1894708315107253
F4K3S1,ES,B,3,0,-0.3035757147627631,-0.34544945651831915
F0J2R8,ED,B,2,1,-0.8807983220574834,-1.2373783728213583
F0J2R8,ES,B,2,1,-0.6358004047847764,-1.7051261962657893
F2H5S1,ED,A,1,1,-1.1846754882668944,-2.2780192625095506
F2H5S1,ES,A,1,1,-1.1039488370514277,-1.7779050799408558
F1F3I6,ED,B,2,0,0.4179298897109254,0.8365895228212179
F1F3I6,ES,B,2,0,0.6361038757945163,0.36298268441645326
E9V4Z8,ED,A,1,0,2.4333419864088532,1.822078760424963
E9V4Z8,ES,A,1,0,2.568454848853516,1.576148210549385
E9L1W5,ED,B,3,1,-1.6608871686535531,1.5085107155662505
E9L1W5,ES,B,3,1,-1.5405227324370037,1.3001296528234836
D6H6O2,ED,B,2,0,1.7968107625236958,2.734978288234136
D6H6O2,ES,B,2,0,2.22668583378557,2.5987869719348393
E3T0Z2,ED,B,2,0,-0.34399912895972123,-0.9208009955896613
E3T0Z2,ES,B,2,0,-0.03438383788208998,-1.5390558790546347
E5E6O8,ED,B,2,1,-2.045644024172885,1.5937090329676356
E5E6O8,ES,B,2,1,-1.7266512914750038,1.4160006212283311
E4M2Q7,ED,B,3,0,0.7658886575291317,-0.31744176620148506
E4M2Q7,ES,B,3,0,1.0359243893307706,0.10784591553300316
D9L1Z3,ED,A,1,0,2.781700949677092,6.812733320797625
D9L1Z3,ES,A,1,0,2.7771988162930406,6.807777572355488
E0O0S0,ED,A,1,0,2.7063213344547257,0.022768044460192944
E0O0S0,ES,A,1,0,2.951833066036042,-0.19434797829119244
D4M3Q2,ED,A,1,0,3.7127957323955147,1.361305659186295
D4M3Q2,ES,A,1,0,4.086107906831622,1.1276221048854853
D4N6W6,ED,A,1,0,0.6915782176371488,2.9527280516702614
D4N6W6,ES,A,1,0,0.8852781129560598,2.8685461089812723
E0M3U7,ED,A,1,0,4.030146531848341,0.26964618756121905
E0M3U7,ES,A,1,0,4.412202971128603,-0.20621959305204488
D3F3O5,ED,A,1,0,0.15436529896848644,2.0293537622502753
D3F3O5,ES,A,1,0,0.21955937834754288,2.1624817777238197
D3F9H9,ED,A,1,0,1.3734685606406545,-1.9268980077735955
D3F9H9,ES,A,1,0,1.5167663285135018,-2.0990721288528142
D1M1S6,ED,A,1,0,4.730892403538394,-0.5140395398262175
D1M1S6,ES,A,1,0,4.883770017098711,-0.6801562183346482
D3D4Y5,ED,A,1,0,1.1647968463543263,2.0598497135765594
D3D4Y5,ES,A,1,0,1.176978155827875,2.106710262831547
D1L4Q9,ED,B,2,1,-1.2001575084429998,-0.9759482503188908
D1L4Q9,ES,B,2,1,-1.0402526732692183,-0.9287347893751193
D1J5P6,ED,A,1,0,0.0053276826847040056,1.6298850167927477
D1J5P6,ES,A,1,0,-0.24631711076122367,1.3578272261629614
D0H9I4,ED,B,2,1,-4.3369690045569955,-0.04778122137409632
D0H9I4,ES,B,2,1,-4.294068545715406,-0.1540361623956136
C2M6P8,ED,B,3,1,-0.9360886130202399,2.1003539916583933
C2M6P8,ES,B,3,1,-0.8502612901414706,2.2128412645258018
C8P3S7,ED,A,1,1,-0.6654725749153603,0.08697306533922314
C8P3S7,ES,A,1,1,-0.6113654191762806,0.0666959804112893
C6J5P1,ED,A,1,0,1.54274412013968,0.47945377741162193
C6J5P1,ES,A,1,0,1.7093643209802327,0.5077696904397507
C2L5P7,ED,B,2,1,-3.6325142542691315,2.0081637322061288
C2L5P7,ES,B,2,1,-3.5499552567991226,1.6468027092317594
C5M4S2,ED,A,1,0,1.8410679665588445,-0.3895893268880019
C5M4S2,ES,A,1,0,1.9516336724206524,-0.6132541678915341
C4S8W9,ED,B,3,0,0.9182347160314762,-1.2974264017175474
C4S8W9,ES,B,3,0,0.7019250032432977,-1.1137415516985143
C4R8T7,ED,B,2,1,-0.840598035480017,-0.5480779565462442
C4R8T7,ES,B,2,1,-0.7737059391426799,-0.5410138227004545
C1K8P5,ED,A,1,0,1.42741089499361,1.0713603775858176
C1K8P5,ES,A,1,0,1.4653873277483365,0.7246464591324229
C2J0K3,ED,A,1,0,1.719539228672656,-0.7610494398091807
C2J0K3,ES,A,1,0,1.9077150054423404,-1.1149553320826235
B9O1Q0,ED,B,2,1,-1.7907347559651001,1.1240201295955194
B9O1Q0,ES,B,2,1,-1.5464785671192613,0.6869497142617952
B2G5R2,ED,A,1,0,2.2290009062909495,-0.6876190504706305
B2G5R2,ES,A,1,0,2.3865632432611465,-0.8417176440103831
B8J7R4,ED,A,1,0,0.02615796331488488,1.0217979307983966
B8J7R4,ES,A,1,0,0.08735887438673307,1.1073479077518311
C0K1P0,ED,A,1,0,0.9210325133467523,-0.8479814933949044
C0K1P0,ES,A,1,0,0.7490292588523958,-0.6011961366250062
B9E0Q1,ED,A,1,1,-2.3878959572886687,0.28231924778356593
B9E0Q1,ES,A,1,1,-2.33917445142919,0.26388740872832495
B8H5H6,ED,A,1,0,-0.025178160752075157,-1.1072559304997915
B8H5H6,ES,A,1,0,0.0015820728482130696,-1.2659833794132038
B2F4K5,ED,B,2,1,-3.6341408417273535,-1.855377010756858
B2F4K5,ES,B,2,1,-3.681279128419314,-1.6093617761839338
B4O3V3,ED,A,1,0,5.271537551852579,-0.5217401312724154
B4O3V3,ES,A,1,0,5.933316989603062,-1.0248248072199064
B6D0U7,ED,B,2,1,-3.8688830167046597,-8.330582928876986
B6D0U7,ES,B,2,1,-3.8979515297712504,-7.890730724172951
B3P3R1,ED,A,1,0,5.48491344520087,-0.1743696741468638
B3P3R1,ES,A,1,0,5.8242715875515945,-0.48543005870005174
B3D0N1,ED,B,3,0,2.6538632247839256,-2.6774267008617123
B3D0N1,ES,B,3,0,2.655624143302419,-2.9376951808531153
B2D9O2,ED,B,2,1,-3.1528669650970667,-2.4552130248155923
B2D9O2,ES,B,2,1,-3.1373810371044875,-1.9807425451522183
B2D9M2,ED,A,1,0,0.7894464294532516,-2.8663308238694
B2D9M2,ES,A,1,0,1.0333848191916937,-2.764312670790754
B0N3W8,ED,B,2,1,-2.97110580084361,-0.8882847160220303
B0N3W8,ES,B,2,1,-2.8080377555331983,-1.2211061815839184
B0I2Z0,ED,A,1,0,0.6673807402761807,1.0179360272249713
B0I2Z0,ES,A,1,0,0.7729211444308951,0.7501363855500996
A9E3G9,ED,B,3,0,0.8123576169543351,-0.5471795349709375
A9E3G9,ES,B,3,0,0.7434657997876991,-0.5606287058067767
A8E1F4,ED,B,3,0,3.7878830511071473,-1.4336341400313335
A8E1F4,ES,B,3,0,3.3189679976129653,-1.5961192611996187
A9C5P4,ED,B,2,1,-3.3289085757727075,1.0994629204862398
A9C5P4,ES,B,2,1,-3.2585893172511695,1.2728977983765928
A7O4T6,ED,A,1,0,4.309059885147629,3.784861462129824
A7O4T6,ES,A,1,0,4.226156955564114,3.7067723183144023
A6M1Q7,ED,B,2,1,-3.5740190791583553,0.21604092861767216
A6M1Q7,ES,B,2,1,-3.5007351060915206,-0.19261059019881455
A7D9L8,ED,A,1,0,1.8460911207015267,-1.1663838007319298
A7D9L8,ES,A,1,0,2.3384682225314912,-1.5002817438574256
A7M7P8,ED,A,1,0,4.470213924880699,0.7123357425546083
A7M7P8,ES,A,1,0,5.284397726400918,-0.2945727059897839
A7G0P5,ED,B,2,0,0.10250916161212491,-0.5660632499594229
A7G0P5,ES,B,2,0,0.0575371619861111,-0.3884922939097926
A6B5G9,ED,A,1,0,-0.2874151520270438,-0.3415043790478397
A6B5G9,ES,A,1,0,-0.25686432402139237,-0.2734707130059064
A6D5F9,ED,A,1,0,2.2227065911915473,-0.7867927256182853
A6D5F9,ES,A,1,0,2.4961640471848536,-1.088928095351769
A5E0T8,ED,B,3,0,2.447328118054827,-2.053195942215008
A5E0T8,ES,B,3,0,2.366578772968181,-1.74785478165499
A3B7E5,ED,B,2,1,-4.235166766647007,-2.844794587563376
A3B7E5,ES,B,2,1,-4.254852176892545,-2.664731729879507
A1O8Z3,ED,B,3,1,-2.221968576844478,1.7946468922997836
A1O8Z3,ES,B,3,1,-2.0385336122667077,1.4724103078907549
A4B5U4,ED,A,1,0,2.5456002969046723,1.4700312764786088
A4B5U4,ES,A,1,0,2.9521024860684673,1.5128604145369107
A1E9Q1,ED,A,1,0,-0.0994346432252868,0.5118945802238855
A1E9Q1,ES,A,1,0,0.0645153903965349,0.8001879743612723
A3H1O5,ED,A,1,1,-0.9573419851638946,-0.018224875705202644
A3H1O5,ES,A,1,1,-0.84597911205346,0.06270509465775648
A2C0I1,ED,A,1,0,2.1580305103969124,-0.03910903746207088
A2C0I1,ES,A,1,0,2.4655781920228814,-0.4937937843463547
A1D9Z7,ED,A,1,0,-0.18533769196983546,-4.421403782702604
A1D9Z7,ES,A,1,0,-0.11774804234976048,-4.273054700580689
A2N8V0,ED,A,1,1,-0.41588163646555454,1.3268906440797905
A2N8V0,ES,A,1,1,-0.44668596298483926,1.3959154271579988
A0S9V9,ED,A,1,0,1.415673489371682,0.5445393065818502
A0S9V9,ES,A,1,0,1.5005560274739989,0.5376936623271092
