patient,phase,vendor,centre,intensity_mean,intensity_std,p01,p05,p25,p75,p95,p99,skewness,kurtosis,entropy,latent_cluster,PC1,PC2
W5Z4Z8,ED,B,2,0.15654750168323517,0.5477174520492554,-0.4939759075641632,-0.4819277226924896,-0.34939759969711304,0.650602400302887,1.0843373537063599,1.4578313827514648,0.5047740340232849,-1.0173697471618652,5.580031832936754,1,-3.857679033036783,-1.272068126553962
W5Z4Z8,ES,B,2,0.16015465557575226,0.5456345081329346,-0.4878048896789551,-0.47560974955558777,-0.3414634168148041,0.6585366129875183,1.085365891456604,1.4390244483947754,0.5111469626426697,-1.0349489450454712,5.6052034360543725,1,-3.923824603437586,-1.040944977466173
T2T9Z9,ED,A,1,0.32092782855033875,0.859908938407898,-0.43220338225364685,-0.41525423526763916,-0.33898305892944336,0.6610169410705566,2.1864407062530518,3.3559322357177734,1.4931824207305908,1.6909289360046387,4.926365721885741,0,0.13360037939033187,0.6095540095111974
T2T9Z9,ES,A,1,0.3044220507144928,0.8409498333930969,-0.4444444477558136,-0.4273504316806793,-0.3504273593425751,0.6495726704597473,2.1196582317352295,3.222222328186035,1.4441579580307007,1.5048627853393555,4.958342474916299,0,-0.062229877035063066,0.1683521449698546
S1S3Z7,ED,A,1,0.3608328700065613,0.8967012166976929,-0.35537189245224,-0.3471074402332306,-0.3140496015548706,0.6859503984451294,2.3223140239715576,3.6033058166503906,1.593170166015625,1.9577593803405762,4.6320143711827075,0,0.6439229875553859,2.1983987507674203
S1S3Z7,ES,A,1,0.36451297998428345,0.913180410861969,-0.3644067943096161,-0.35593220591545105,-0.32203391194343567,0.6779661178588867,2.3559322357177734,3.694915294647217,1.620278000831604,2.083064556121826,4.630608246524053,0,0.8304161300059008,1.9528972075373312
Q3R9W7,ED,A,1,0.38394054770469666,1.0371159315109253,-0.4444444477558136,-0.42592594027519226,-0.31481480598449707,0.6851851940155029,2.4537036418914795,5.111111164093018,2.2767388820648193,6.027642250061035,4.542730029299754,0,2.897081836545373,1.4472918677147093
Q3R9W7,ES,A,1,0.3866111636161804,1.0502772331237793,-0.4528301954269409,-0.43396225571632385,-0.3113207519054413,0.6886792182922363,2.4811320304870605,5.198113441467285,2.305537223815918,6.201992034912109,4.541851098638001,0,3.023111874422101,1.4382395428286112
Q7V1Y5,ED,B,2,0.14040181040763855,0.5109660029411316,-0.4752475321292877,-0.4653465449810028,-0.3465346395969391,0.6534653306007385,0.9405940771102905,1.188118815422058,0.3395724296569824,-1.3553072214126587,5.598599212935222,1,-4.386065924404689,-1.0948662662622677
Q7V1Y5,ES,B,2,0.1479194462299347,0.5118784308433533,-0.4653465449810028,-0.4554455578327179,-0.3366336524486542,0.6633663177490234,0.9504950642585754,1.2376238107681274,0.36373311281204224,-1.3193883895874023,5.5709043414609924,1,-4.351175513091598,-0.7453541061816876
P9S7W2,ED,B,3,0.1868240386247635,0.5492212772369385,-0.42553192377090454,-0.4202127754688263,-0.31382980942726135,0.686170220375061,1.1382977962493896,1.4734042882919312,0.5596668720245361,-1.0387920141220093,5.526004565405302,1,-3.9086716473718996,0.30382232818200194
P9S7W2,ES,B,3,0.1845104843378067,0.5489033460617065,-0.4278075098991394,-0.4224599003791809,-0.31550803780555725,0.6844919919967651,1.1390374898910522,1.470588207244873,0.5660101771354675,-1.0331658124923706,5.531311222324924,1,-3.9063861300405764,0.23599364112478755
T9U9W2,ED,A,1,0.28571900725364685,0.9570519924163818,-0.682539701461792,-0.60317462682724,-0.4126984179019928,0.5873016119003296,2.3809523582458496,4.015872955322266,1.735030174255371,3.020798683166504,5.093527310939642,0,1.4881542938874142,-3.483818417779099
T9U9W2,ES,A,1,0.285871297121048,0.9593796133995056,-0.6774193644523621,-0.6129032373428345,-0.4032258093357086,0.5967742204666138,2.387096881866455,4.064516067504883,1.7524019479751587,3.121091365814209,5.08120194676223,0,1.5105319607420142,-3.315658055589698
Q0U0V5,ED,A,1,0.36917850375175476,0.9702343940734863,-0.39669421315193176,-0.38842976093292236,-0.3471074402332306,0.6528925895690918,2.404958724975586,4.305785179138184,1.8246055841445923,3.257415771484375,4.523327708933916,0,1.7744443737486109,1.17470227104684
Q0U0V5,ES,A,1,0.35659152269363403,0.9642652273178101,-0.40833333134651184,-0.4000000059604645,-0.3583333194255829,0.6416666507720947,2.375,4.333333492279053,1.8485785722732544,3.43863582611084,4.52244069960409,0,1.8252701367050708,0.7828328622100399
P5R1Y4,ED,A,1,0.37744826078414917,0.9246630668640137,-0.4285714328289032,-0.3956044018268585,-0.26923078298568726,0.7307692170143127,2.2472527027130127,4.340659141540527,1.9059394598007202,4.026559829711914,4.7828894086538645,0,1.2543337079978512,2.4448077300276942
P5R1Y4,ES,A,1,0.38578030467033386,0.9562625885009766,-0.4399999976158142,-0.4057142734527588,-0.2742857038974762,0.7257142663002014,2.3428571224212646,4.502857208251953,1.9503823518753052,4.195201873779297,4.765765284963333,0,1.5688988313278671,2.263701310776067
P0S5Y0,ED,A,1,0.2833152115345001,0.8727482557296753,-0.5794392228126526,-0.5327102541923523,-0.37383177876472473,0.6261682510375977,2.177570104598999,3.41121506690979,1.5295743942260742,1.987360954284668,5.1629485329679525,0,0.2954793758849571,-1.799675086220578
P0S5Y0,ES,A,1,0.2836560010910034,0.897797703742981,-0.6019417643547058,-0.553398072719574,-0.3883495032787323,0.6116504669189453,2.252427101135254,3.5533981323242188,1.5873150825500488,2.2428054809570312,5.144867458336547,0,0.6372015615386444,-2.317359154500008
O0S9V7,ED,A,1,0.4382132589817047,1.1488713026046753,-0.44029849767684937,-0.4253731369972229,-0.31343284249305725,0.6865671873092651,3.052238702774048,5.2313432693481445,2.1430280208587646,4.667098045349121,4.564988334637674,0,3.364118368709365,1.6571172219938737
O0S9V7,ES,A,1,0.4367595314979553,1.1692074537277222,-0.45384615659713745,-0.4384615421295166,-0.3153846263885498,0.6846153736114502,3.107692241668701,5.400000095367432,2.21946120262146,5.113039016723633,4.548813968236323,0,3.6537787844214065,1.483550970161653
O3R8Y5,ED,B,2,0.17445111274719238,0.5595083236694336,-0.44999998807907104,-0.4449999928474426,-0.3449999988079071,0.6549999713897705,1.1749999523162842,1.4950000047683716,0.5920549631118774,-0.9380378723144531,5.532372167803418,1,-3.685941169089019,-0.6382157724210329
O3R8Y5,ES,B,2,0.1737588495016098,0.5616587400436401,-0.4522612988948822,-0.44723618030548096,-0.3467336595058441,0.6532663106918335,1.180904507637024,1.4924622774124146,0.598982036113739,-0.9335756301879883,5.538830527954314,1,-3.670172647182578,-0.7026450888239132
N7V9W9,ED,B,3,0.3380972743034363,1.1038111448287964,-0.6296296119689941,-0.6111111044883728,-0.4444444179534912,0.5555555820465088,3.1111111640930176,4.259259223937988,1.8398802280426025,2.944540023803711,4.930105969910638,0,2.7789717609222686,-3.620707213794618
N7V9W9,ES,B,3,0.3492162823677063,1.1192936897277832,-0.6296296119689941,-0.6111111044883728,-0.4259259104728699,0.5740740895271301,3.14814829826355,4.382520279883431,1.8769627809524536,3.1664490699768066,4.930030786676843,0,2.8860397378041744,-3.207571473998448
N5S7Y1,ED,A,1,0.30775609612464905,0.7933534979820251,-0.41874998807907104,-0.40625,-0.2874999940395355,0.7124999761581421,1.9500000476837158,3.1187500953674316,1.4459166526794434,1.6535964012145996,4.998751418348453,1,-0.6175426062697987,1.6848102139723968
N5S7Y1,ES,A,1,0.3015322983264923,0.7992858290672302,-0.4303797483444214,-0.4177215099334717,-0.297468364238739,0.702531635761261,1.9620252847671509,3.1582279205322266,1.4727753400802612,1.7828192710876465,4.993213841637969,1,-0.49894225692641153,1.3410924155419868
N1P8Q9,ED,B,2,0.23121346533298492,0.6152927279472351,-0.39716312289237976,-0.39716312289237976,-0.3120567500591278,0.6879432797431946,1.390070915222168,1.780141830444336,0.7938775420188904,-0.629657506942749,5.3342961911873505,1,-3.024881889793732,0.8794970297967574
N1P8Q9,ES,B,2,0.23032842576503754,0.6180286407470703,-0.40875911712646484,-0.40875911712646484,-0.31386861205101013,0.6861313581466675,1.401459813117981,1.7299270629882812,0.7678486704826355,-0.692481517791748,5.374224170586755,1,-3.0655727627105103,0.6874552511193615
M4P7Q6,ED,B,2,0.26247528195381165,0.6290377378463745,-0.4285714328289032,-0.41428571939468384,-0.2571428716182709,0.7428571581840515,1.4714285135269165,1.899999976158142,0.8344685435295105,-0.4989011287689209,5.513145835189896,1,-3.117644708117109,1.734515366200964
M4P7Q6,ES,B,2,0.2598179280757904,0.635891854763031,-0.43478259444236755,-0.4202898442745209,-0.260869562625885,0.739130437374115,1.47826087474823,1.95652174949646,0.8620072603225708,-0.4274592399597168,5.490195108085983,1,-3.0129911026210934,1.5962587241553166
M1R4S1,ED,A,1,0.36087581515312195,0.9962202906608582,-0.5074626803398132,-0.447761207818985,-0.3283582031726837,0.6716417670249939,2.447761297225952,4.7462687492370605,2.044732093811035,4.71076774597168,4.7583685600591785,0,2.193797526267796,0.5109086268601382
M1R4S1,ES,A,1,0.3605571687221527,1.0048192739486694,-0.5151515007019043,-0.4545454680919647,-0.3333333432674408,0.6666666865348816,2.4242424964904785,4.833333492279053,2.11183500289917,5.111451148986816,4.729122018733026,0,2.3961222196549308,0.3482332157679848
M2P1R1,ED,A,1,0.3144897520542145,0.8085032105445862,-0.4397905766963959,-0.43455496430397034,-0.2879581153392792,0.7120419144630432,2.130890130996704,3.0994763374328613,1.4592211246490479,1.6484346389770508,5.0971527899969935,1,-0.4979206998708891,1.3762395993437315
M2P1R1,ES,A,1,0.31733956933021545,0.825792133808136,-0.4486486613750458,-0.4378378391265869,-0.2918919026851654,0.708108127117157,2.200000047683716,3.200000047683716,1.5094988346099854,1.8531618118286133,5.075944384466842,0,-0.2659945829172581,1.2573849266781203
L5Q6T7,ED,B,2,0.2773279845714569,0.7183225154876709,-0.4516128897666931,-0.4354838728904724,-0.29032257199287415,0.7096773982048035,1.7096774578094482,2.274193525314331,1.0214685201644897,-0.11826515197753906,5.361001803036357,1,-2.1109176373337215,0.9583286188285869
L5Q6T7,ES,B,2,0.276999294757843,0.7299699187278748,-0.46666666865348816,-0.44999998807907104,-0.30000001192092896,0.699999988079071,1.75,2.3333332538604736,1.0417901277542114,-0.041898488998413086,5.363904727579318,1,-1.9520375956130753,0.5972557867849869
M0P8U8,ED,B,3,0.38185468316078186,0.9654923677444458,-0.41304346919059753,-0.41304346919059753,-0.32608696818351746,0.6739130616188049,2.70652174949646,3.5978260040283203,1.6214628219604492,1.9751968383789062,4.864164234925773,0,1.0574738268781279,1.22586400630677
M0P8U8,ES,B,3,0.373372346162796,0.9502822756767273,-0.4193548262119293,-0.4193548262119293,-0.32258063554763794,0.6774193644523621,2.634408712387085,3.591398000717163,1.622105598449707,2.044956684112549,4.889504476420143,0,0.9353721192498307,1.1863691832055405
L4Q2U3,ED,A,1,0.34112852811813354,0.9243441224098206,-0.4128440320491791,-0.40366971492767334,-0.3669724762439728,0.6330274939537048,2.3669724464416504,3.752293586730957,1.6513714790344238,2.2683229446411133,4.641431756050678,0,1.1257684282454767,0.4319288549126734
L4Q2U3,ES,A,1,0.3428446054458618,0.9543781280517578,-0.43396225571632385,-0.4245283007621765,-0.37735849618911743,0.6226415038108826,2.4433963298797607,3.8867924213409424,1.6816580295562744,2.3966407775878906,4.644315523102924,0,1.4017300202359295,-0.003996263411518107
K5L2U3,ED,A,1,0.3344639241695404,0.8829848766326904,-0.4305555522441864,-0.4027777910232544,-0.3194444477558136,0.6805555820465088,2.152777671813965,4.0625,1.8355728387832642,3.6865015029907227,4.757264286309967,0,1.0304577001320236,1.2509454932641082
K5L2U3,ES,A,1,0.3416765630245209,0.889951765537262,-0.4305555522441864,-0.4027777910232544,-0.3125,0.6875,2.180555582046509,4.0625,1.8340513706207275,3.614985942840576,4.7806655733950265,0,1.0214514113223927,1.4020337429171468
J9L6N9,ED,B,2,0.22142687439918518,0.5892251133918762,-0.41428571939468384,-0.4000000059604645,-0.27142858505249023,0.7285714149475098,1.3142857551574707,1.585714340209961,0.7488550543785095,-0.8237853050231934,5.52526739471888,1,-3.622368004846405,1.467937548519451
J9L6N9,ES,B,2,0.2329084575176239,0.5978524088859558,-0.4117647111415863,-0.3970588147640228,-0.2647058963775635,0.7352941036224365,1.3382352590560913,1.6470588445663452,0.7776532769203186,-0.758962869644165,5.515986704040056,1,-3.526527578730942,1.67612378487695
K2S1U6,ED,B,2,0.3773545026779175,1.0211594104766846,-0.5833333134651184,-0.5833333134651184,-0.3611111044883728,0.6388888955116272,2.694444417953491,3.3888888359069824,1.3652950525283813,0.8525006771087646,5.202418622274364,0,0.9010544356473351,-1.621575313887416
K2S1U6,ES,B,2,0.3667617738246918,1.0197144746780396,-0.6000000238418579,-0.6000000238418579,-0.37142857909202576,0.6285714507102966,2.7142856121063232,3.4000000953674316,1.389367699623108,0.9776568412780762,5.217352815491909,0,0.9743893735722531,-2.052647847251609
J8R5W2,ED,A,1,0.38794606924057007,1.1810264587402344,-0.5753424763679504,-0.534246563911438,-0.4383561611175537,0.5616438388824463,3.232876777648926,5.027397155761719,1.9865790605545044,3.6592655181884766,4.728328447602347,0,3.667552946400767,-2.4727547658080593
J8R5W2,ES,A,1,0.3991510272026062,1.2158747911453247,-0.5694444179534912,-0.5416666865348816,-0.4305555522441864,0.5694444179534912,3.2638888359069824,5.402777671813965,2.1052966117858887,4.370162487030029,4.6410025653970735,0,4.148836998959042,-2.2366935535910266
J6K6P5,ED,A,1,0.3372366726398468,0.9954025149345398,-0.5333333611488342,-0.5111111402511597,-0.36666667461395264,0.6333333253860474,2.48888897895813,4.422222137451172,1.875849962234497,3.6445956230163574,4.8311412942721494,0,1.9336469122510256,-0.9077126352407124
J6K6P5,ES,A,1,0.32799088954925537,0.9824166893959045,-0.5454545617103577,-0.5227272510528564,-0.375,0.625,2.3977272510528564,4.420454502105713,1.8543940782546997,3.649350643157959,4.834023382745247,0,1.86435502555559,-1.2450888827216124
J4J9W6,ED,B,2,0.19322362542152405,0.5481896996498108,-0.4268292784690857,-0.4146341383457184,-0.3048780560493469,0.6951219439506531,1.1463414430618286,1.5243902206420898,0.5772995948791504,-0.9771440029144287,5.520626228829833,1,-3.883577183006544,0.5344202499238084
J4J9W6,ES,B,2,0.1888332962989807,0.5511472225189209,-0.43209877610206604,-0.4197530746459961,-0.3086419701576233,0.6913580298423767,1.1481481790542603,1.5555555820465088,0.6058284640312195,-0.9193062782287598,5.493288653326278,1,-3.8024681300887906,0.4020446389621309
J1T9Y1,ED,A,1,0.31219083070755005,0.8002151250839233,-0.4205128252506256,-0.41025641560554504,-0.2974359095096588,0.7025641202926636,2.01025652885437,3.2564103603363037,1.5281529426574707,2.1281843185424805,4.945501686688218,0,-0.27784314132883803,1.5006452137753046
J1T9Y1,ES,A,1,0.3182776868343353,0.8129277229309082,-0.421875,-0.4114583432674408,-0.296875,0.703125,2.0520832538604736,3.3020832538604736,1.5367933511734009,2.1285347938537598,4.940273668129736,0,-0.1810990761605478,1.5204202754029676
I7T3U1,ED,A,1,0.36000770330429077,1.0212658643722534,-0.5,-0.4912280738353729,-0.35087719559669495,0.6491228342056274,2.526315689086914,4.5789475440979,1.9324949979782104,3.9143147468566895,4.718678648396262,0,2.20242168521628,-0.1662163192139428
I7T3U1,ES,A,1,0.35361605882644653,1.0274698734283447,-0.5178571343421936,-0.5,-0.3571428656578064,0.6428571343421936,2.4910714626312256,4.651785850524902,1.957567811012268,4.109285831451416,4.72473365200535,0,2.2889964067012434,-0.458986387336623
I6N3P3,ED,B,2,0.318248450756073,0.823830783367157,-0.4464285671710968,-0.4464285671710968,-0.3214285671710968,0.6785714030265808,2.0714285373687744,2.7142856121063232,1.2253990173339844,0.40738463401794434,5.218855106209807,1,-0.9049888422209684,0.5159910090629303
I6N3P3,ES,B,2,0.3376895785331726,0.8442786931991577,-0.4444444477558136,-0.4444444477558136,-0.31481480598449707,0.6851851940155029,2.1481480598449707,2.8333332538604736,1.2477821111679077,0.4802882671356201,5.203005179073824,1,-0.7026834648911848,0.7414843731278504
I2K2Y8,ED,B,2,0.3443537950515747,0.9139030575752258,-0.5128205418586731,-0.5128205418586731,-0.3333333432674408,0.6666666865348816,2.3589744567871094,3.0512821674346924,1.3201035261154175,0.7294232845306396,5.193123680305186,0,-0.03670702955367829,-0.370106987192046
I2K2Y8,ES,B,2,0.34058234095573425,0.9018423557281494,-0.5128205418586731,-0.5128205418586731,-0.3076923191547394,0.692307710647583,2.3589744567871094,3.0512821674346924,1.3284540176391602,0.7966175079345703,5.203174208457893,0,-0.1846678084298829,0.13250875361577213
I0J5U3,ED,B,2,0.20469915866851807,0.5681381821632385,-0.4146341383457184,-0.4065040647983551,-0.30894309282302856,0.6910569071769714,1.2357723712921143,1.5691057443618774,0.6613531708717346,-0.8564791679382324,5.517611384091252,1,-3.6584529782234188,0.6146835233375384
I0J5U3,ES,B,2,0.20133166015148163,0.5662406086921692,-0.41803279519081116,-0.4098360538482666,-0.31147539615631104,0.688524603843689,1.237704873085022,1.549180269241333,0.6648752689361572,-0.8606951236724854,5.535193156367807,1,-3.6767450222735163,0.5082366739363395
H7I4J3,ED,B,3,0.3433575928211212,0.8002781867980957,-0.3904762268066406,-0.3904762268066406,-0.27619048953056335,0.7238094806671143,2.066666841506958,2.4571430683135986,1.158989429473877,0.08835506439208984,5.230227845507844,1,-1.3557246955513143,2.120662140448111
H7I4J3,ES,B,3,0.34917527437210083,0.8161855340003967,-0.4019607901573181,-0.4019607901573181,-0.27450981736183167,0.725490152835846,2.1176469326019287,2.5,1.1685575246810913,0.11914324760437012,5.246362274203028,1,-1.2490053872554383,2.036710626798244
H6I0I6,ED,B,2,0.20681193470954895,0.6239197254180908,-0.5121951103210449,-0.4878048896789551,-0.31707316637039185,0.6829268336296082,1.402438998222351,1.7926828861236572,0.7543544769287109,-0.5765252113342285,5.632212093155398,1,-3.164752109066955,-0.5888632322361737
H6I0I6,ES,B,2,0.20379666984081268,0.6267067790031433,-0.5185185074806213,-0.4938271641731262,-0.32098764181137085,0.6790123581886292,1.395061731338501,1.8271604776382446,0.7717376947402954,-0.5263993740081787,5.620960071799859,1,-3.1045304678777983,-0.7398121682232321
H7N4V9,ED,B,2,0.19752785563468933,0.5812186598777771,-0.45588234066963196,-0.44117647409439087,-0.30882352590560913,0.6911764740943909,1.2647058963775635,1.5735293626785278,0.6718012094497681,-0.8342001438140869,5.577916606244153,1,-3.614069974205391,0.14120507362935525
H7N4V9,ES,B,2,0.18736322224140167,0.5883278250694275,-0.4776119291782379,-0.46268656849861145,-0.3283582031726837,0.6716417670249939,1.253731369972229,1.6119402647018433,0.674166738986969,-0.8095061779022217,5.570380793344636,1,-3.4900032777243286,-0.5246433957907409
H5N0P0,ED,A,1,0.2896482050418854,0.7806493639945984,-0.6024096608161926,-0.5542168617248535,-0.28915661573410034,0.7108433842658997,1.9277108907699585,2.325301170349121,1.0291320085525513,-0.06682419776916504,5.579137666985858,1,-1.7289861140022111,-0.5984259615519361
H5N0P0,ES,A,1,0.29110443592071533,0.7905201315879822,-0.6097561120986938,-0.5609756112098694,-0.2926829159259796,0.707317054271698,1.9512195587158203,2.4268293380737305,1.0608099699020386,0.03921365737915039,5.551131628315614,1,-1.56546678213986,-0.7275442788048807
H1M5Y6,ED,B,2,0.30832892656326294,0.7946773171424866,-0.47826087474823,-0.45652174949645996,-0.30434781312942505,0.695652186870575,2.0,2.5652174949645996,1.1520556211471558,0.2703983783721924,5.327499772907971,1,-1.2941221489061892,0.5392225652438011
H1M5Y6,ES,B,2,0.3077123463153839,0.7905842065811157,-0.47826087474823,-0.45652174949645996,-0.30434781312942505,0.695652186870575,1.97826087474823,2.6086957454681396,1.1745823621749878,0.364077091217041,5.324048019482104,1,-1.2707507573587784,0.5412264577436088
H0K3Q4,ED,B,3,0.23713508248329163,0.6105210185050964,-0.4206896722316742,-0.4137931168079376,-0.2689655125141144,0.7310344576835632,1.3931033611297607,1.6827585697174072,0.7742891311645508,-0.724940299987793,5.555282435880946,1,-3.433523674399921,1.4388576487429638
H0K3Q4,ES,B,3,0.23592498898506165,0.6128619313240051,-0.4265734553337097,-0.4195804297924042,-0.27272728085517883,0.7272726893424988,1.3986014127731323,1.6993006467819214,0.7816179990768433,-0.6969053745269775,5.559199660686934,1,-3.391147711147454,1.2925517465379601
H3U1Y1,ED,B,3,0.3590115010738373,0.9304990172386169,-0.5362318754196167,-0.52173912525177,-0.31884056329727173,0.6811594367027283,2.449275493621826,3.1739132404327393,1.3385881185531616,0.8622405529022217,5.261140722574755,0,0.07713827725573595,-0.2371636552335404
H3U1Y1,ES,B,3,0.3452494442462921,0.9237580299377441,-0.5507246255874634,-0.5362318754196167,-0.31884056329727173,0.6811594367027283,2.4202897548675537,3.17391300201416,1.3390158414840698,0.8995134830474854,5.262864782140573,0,0.02736438108916336,-0.443700426253916
H1J5W8,ED,B,2,0.19519737362861633,0.5896276831626892,-0.44871795177459717,-0.43589743971824646,-0.3205128312110901,0.6794871687889099,1.2948718070983887,1.6794872283935547,0.7470288872718811,-0.6467101573944092,5.489607792637955,1,-3.352167461775248,0.018737767727361455
H1J5W8,ES,B,2,0.19440357387065887,0.597034215927124,-0.4545454680919647,-0.44155845046043396,-0.3246753215789795,0.6753246784210205,1.3116883039474487,1.701298713684082,0.7628858685493469,-0.6268928050994873,5.485539845940368,1,-3.2765516509328045,-0.12849539151157816
H4I2T8,ED,B,3,0.37909162044525146,1.0034916400909424,-0.45679014921188354,-0.45679014921188354,-0.34567904472351074,0.6543209552764893,2.814814805984497,3.8641974925994873,1.7272374629974365,2.4655866622924805,4.861023957567824,0,1.5910096469856112,0.34605564013331797
H4I2T8,ES,B,3,0.3694947361946106,1.0039674043655396,-0.46341466903686523,-0.46341466903686523,-0.3536585569381714,0.6463414430618286,2.7560975551605225,4.085366249084473,1.8112162351608276,2.9735398292541504,4.811249344264659,0,1.8208842271003656,0.11560359321479637
H1W2Y1,ED,B,2,0.21319647133350372,0.5856443643569946,-0.43478259444236755,-0.4202898442745209,-0.30434781312942505,0.695652186870575,1.2898551225662231,1.6376811265945435,0.6982011198997498,-0.7713546752929688,5.541944510709532,1,-3.511225874866778,0.536154614485705
H1W2Y1,ES,B,2,0.21121495962142944,0.5959504842758179,-0.447761207818985,-0.43283581733703613,-0.2985074520111084,0.7014925479888916,1.3134328126907349,1.6716418266296387,0.7213861346244812,-0.7334282398223877,5.545611384753107,1,-3.45825506855538,0.5048648879204163
H1I3W0,ED,A,1,0.2951759397983551,1.005425214767456,-0.5771428346633911,-0.5657142996788025,-0.4228571355342865,0.5771428346633911,2.3314285278320312,4.651428699493408,2.0663626194000244,4.903014183044434,4.675825900221469,0,2.5986246205925596,-2.6388886800028564
H1I3W0,ES,A,1,0.296357125043869,1.0200417041778564,-0.5872092843055725,-0.5755813717842102,-0.43023255467414856,0.569767415523529,2.383720874786377,4.69767427444458,2.072857618331909,4.893972873687744,4.673856198090268,0,2.7336765705258532,-2.893370004079702
G9L0O9,ED,B,2,0.35271400213241577,0.7853232622146606,-0.40425533056259155,-0.38297873735427856,-0.23404255509376526,0.7659574747085571,1.978723406791687,2.5106382369995117,1.140231966972351,0.07597970962524414,5.28738670342632,1,-1.6368230866638276,2.9381213306580456
G9L0O9,ES,B,2,0.34841442108154297,0.8263076543807983,-0.4545454680919647,-0.4318181872367859,-0.25,0.75,2.090909004211426,2.6363637447357178,1.1604255437850952,0.15097618103027344,5.298670427331285,1,-1.2857167743438498,2.0426259766806525
G7I5V7,ED,A,1,0.3616976737976074,1.0005156993865967,-0.514018714427948,-0.4953271150588989,-0.30841121077537537,0.6915887594223022,2.457943916320801,4.523364543914795,2.0250256061553955,4.494520664215088,4.831172502253715,0,1.9870970236765402,0.5521718121871078
G7I5V7,ES,A,1,0.3621606230735779,0.9955708980560303,-0.5092592835426331,-0.49074074625968933,-0.3055555522441864,0.6944444179534912,2.4629628658294678,4.481481552124023,2.0182011127471924,4.419968605041504,4.840399734462688,0,1.9222259590257706,0.6589165852157681
G5P4U3,ED,A,1,0.33938688039779663,0.9907679557800293,-0.49074074625968933,-0.45370370149612427,-0.3611111044883728,0.6388888955116272,2.3611111640930176,4.722222328186035,2.072157382965088,4.8824992179870605,4.6595283421892875,0,2.3193432775147182,-0.1143475532641384
G5P4U3,ES,A,1,0.33868342638015747,1.00630521774292,-0.5,-0.46226415038108826,-0.3679245412349701,0.6320754885673523,2.405660390853882,4.811320781707764,2.1124560832977295,5.0654096603393555,4.648084774335292,0,2.515109183821394,-0.3418833376496971
G8N2U5,ED,B,3,0.3032262325286865,0.7861489057540894,-0.4392523169517517,-0.42990654706954956,-0.30841121077537537,0.691588819026947,1.9906542301177979,2.5700933933258057,1.1979292631149292,0.4169771671295166,5.241742001368458,1,-1.2460036063539157,0.855983832270943
G8N2U5,ES,B,3,0.3040590286254883,0.799069881439209,-0.45192307233810425,-0.4423076808452606,-0.3173076808452606,0.682692289352417,2.019230842590332,2.682692289352417,1.2252013683319092,0.540635347366333,5.227590970158381,1,-1.050846529201533,0.5482752908889428
G4S9U3,ED,A,1,0.36498671770095825,0.9213201999664307,-0.35323384404182434,-0.34328359365463257,-0.31343284249305725,0.6865671873092651,2.3781094551086426,3.905472755432129,1.7742738723754883,2.880667209625244,4.541914686325958,0,1.1771419787774595,2.325403812221285
G4S9U3,ES,A,1,0.3654487729072571,0.9272179007530212,-0.356783926486969,-0.3467336595058441,-0.311557799577713,0.6884422302246094,2.4070351123809814,3.9396984577178955,1.7932027578353882,2.9710068702697754,4.5426112096763696,0,1.2422815655770099,2.328375627999839
G4L8Z7,ED,B,2,0.3379524350166321,1.0387861728668213,-0.6060606241226196,-0.6060606241226196,-0.39393940567970276,0.6060606241226196,2.909090995788574,3.8787879943847656,1.7287847995758057,2.4682159423828125,5.018187420434947,0,1.9274981259027781,-2.514647435499579
G4L8Z7,ES,B,2,0.3451685607433319,1.027336835861206,-0.5882353186607361,-0.5882353186607361,-0.38235294818878174,0.6176470518112183,2.882352828979492,3.941176414489746,1.7604899406433105,2.650442600250244,4.997578316847338,0,1.9182357909819387,-2.0444967657450333
G2O2S6,ED,B,2,0.17873957753181458,0.5325900912284851,-0.40697672963142395,-0.40697672963142395,-0.3139534890651703,0.6860465407371521,1.0813953876495361,1.4186046123504639,0.5583116412162781,-1.0695042610168457,5.449349965704584,1,-3.985483052057689,0.48726893984871134
G2O2S6,ES,B,2,0.18752612173557281,0.5342126488685608,-0.4000000059604645,-0.4000000059604645,-0.30588236451148987,0.6941176652908325,1.1058824062347412,1.399999976158142,0.5636754035949707,-1.083587646484375,5.4740326213148265,1,-4.0123738662705435,0.7451100604834956
G2J1M5,ED,B,2,0.18951070308685303,0.5250812768936157,-0.40186914801597595,-0.40186914801597595,-0.2897196114063263,0.7102803587913513,1.0654205083847046,1.3177570104599,0.5120916962623596,-1.1964526176452637,5.548323986367862,1,-4.263948366816956,1.0144882787563794
G2J1M5,ES,B,2,0.19488273561000824,0.5254951119422913,-0.3962264060974121,-0.3962264060974121,-0.2830188572406769,0.7169811129570007,1.0849056243896484,1.301886796951294,0.5222092270851135,-1.196916937828064,5.5585315208125055,1,-4.280375763663055,1.2263272339279843
G1N6S7,ED,B,2,0.09812799841165543,0.5360050201416016,-0.5789473652839661,-0.5684210658073425,-0.410526305437088,0.5894736647605896,0.9684210419654846,1.3473684787750244,0.3640943169593811,-1.1164848804473877,5.636679419525472,1,-3.922524048630192,-3.695483377049294
G1N6S7,ES,B,2,0.11230863630771637,0.5404427647590637,-0.563829779624939,-0.5531914830207825,-0.39361703395843506,0.6063829660415649,0.9893617033958435,1.4042552709579468,0.40472447872161865,-1.0570781230926514,5.622249509294827,1,-3.8866099039619697,-3.1289273145600607
G0I6P3,ED,B,3,0.24257570505142212,0.5804709196090698,-0.3492063581943512,-0.34391534328460693,-0.2539682686328888,0.7460317611694336,1.3068783283233643,1.5873016119003296,0.7626347541809082,-0.8405225276947021,5.432642467914628,1,-3.66717212363022,2.6102987318221316
G0I6P3,ES,B,3,0.24528385698795319,0.5914058089256287,-0.35519126057624817,-0.34972676634788513,-0.2568306028842926,0.743169367313385,1.3442623615264893,1.6174863576889038,0.7881929874420166,-0.7997710704803467,5.434330968431475,1,-3.5579185976702243,2.4969505500910913
F8N2S1,ED,B,3,0.3404574692249298,1.1974453926086426,-0.8064515590667725,-0.7741934657096863,-0.41935479640960693,0.5806452035903931,3.4193549156188965,4.806451320648193,1.9798635244369507,3.8345537185668945,5.007895902590067,0,3.697975621722263,-5.04303973869863
F8N2S1,ES,B,3,0.3063764274120331,1.1597108840942383,-0.8125,-0.78125,-0.4375000298023224,0.5625,3.218750238418579,4.687500476837158,1.9853148460388184,3.9354753494262695,5.012072041438014,0,3.452989712946324,-5.592154628951109
F4K3S1,ED,B,3,0.335970014333725,0.8941835165023804,-0.5116279125213623,-0.4999999701976776,-0.3255813717842102,0.6744186282157898,2.3255815505981445,2.918604850769043,1.2762786149978638,0.5903067588806152,5.258275614294068,0,-0.32797494028112933,-0.1894708315107253
F4K3S1,ES,B,3,0.3307972550392151,0.8900172114372253,-0.5176470279693604,-0.5058823227882385,-0.32941174507141113,0.6705882549285889,2.305882453918457,2.9647059440612793,1.283043622970581,0.6516058444976807,5.251222371411648,0,-0.3035757147627631,-0.34544945651831915
F0J2R8,ED,B,2,0.25776779651641846,0.775543212890625,-0.4736842215061188,-0.4736842215061188,-0.38596490025520325,0.6140350699424744,1.8771929740905762,2.6842105388641357,1.2234721183776855,0.6651208400726318,5.129829328747859,1,-0.8807983220574834,-1.2373783728213583
F0J2R8,ES,B,2,0.2564541697502136,0.7935347557067871,-0.4909090995788574,-0.4909090995788574,-0.4000000059604645,0.6000000238418579,1.9272726774215698,2.799999952316284,1.2494479417800903,0.774876594543457,5.11012432310361,1,-0.6358004047847764,-1.7051261962657893
F2H5S1,ED,A,1,0.2188170701265335,0.744206964969635,-0.5855262875556946,-0.5723684430122375,-0.3684210479259491,0.6315789222717285,1.75,2.71052622795105,1.159996747970581,0.9612314701080322,5.299339712895995,1,-1.1846754882668944,-2.2780192625095506
F2H5S1,ES,A,1,0.234004408121109,0.7537992596626282,-0.5733333230018616,-0.5600000023841858,-0.35333332419395447,0.6466666460037231,1.7999999523162842,2.7733333110809326,1.1929692029953003,1.0464787483215332,5.285719165888472,1,-1.1039488370514277,-1.7779050799408558
F1F3I6,ED,B,2,0.36275526881217957,0.9329535961151123,-0.44086021184921265,-0.44086021184921265,-0.32258063554763794,0.6774193644523621,2.473118305206299,3.365591287612915,1.4665522575378418,1.2886219024658203,4.992669091788671,0,0.4179298897109254,0.8365895228212179
F1F3I6,ES,B,2,0.3536880612373352,0.9380820989608765,-0.45652174949645996,-0.45652174949645996,-0.33695653080940247,0.6630434989929199,2.4456522464752197,3.5217392444610596,1.5251580476760864,1.6002373695373535,4.96415499109518,0,0.6361038757945163,0.36298268441645326
E9V4Z8,ED,A,1,0.40405309200286865,1.0314456224441528,-0.375,-0.3602941036224365,-0.3382352888584137,0.6617646813392639,2.5735294818878174,4.676470756530762,1.9400161504745483,3.8142242431640625,4.397131884393575,0,2.4333419864088532,1.822078760424963
E9V4Z8,ES,A,1,0.4058186113834381,1.0514171123504639,-0.38805970549583435,-0.3731343150138855,-0.34328359365463257,0.6567164063453674,2.6492538452148438,4.7313432693481445,1.9420520067214966,3.768087863922119,4.410854283947676,0,2.568454848853516,1.576148210549385
E9L1W5,ED,B,3,0.2931687533855438,0.7317403554916382,-0.3782050907611847,-0.3782050907611847,-0.307692289352417,0.692307710647583,1.8141025304794312,2.365384578704834,1.1224806308746338,0.16411924362182617,5.1370721688364815,1,-1.6608871686535531,1.5085107155662505
E9L1W5,ES,B,3,0.2946058213710785,0.7430819869041443,-0.3907284736633301,-0.3907284736633301,-0.3112582862377167,0.6887417435646057,1.8344372510910034,2.443708658218384,1.1355476379394531,0.2309582233428955,5.139823772254752,1,-1.5405227324370037,1.3001296528234836
D6H6O2,ED,B,2,0.4453757107257843,1.0520967245101929,-0.37288135290145874,-0.37288135290145874,-0.2881355881690979,0.7118644118309021,2.9152543544769287,4.169491291046143,1.723890781402588,2.3340625762939453,4.693367067884696,0,1.7968107625236958,2.734978288234136
D6H6O2,ES,B,2,0.43769463896751404,1.0584492683410645,-0.37931033968925476,-0.37931033968925476,-0.2931034564971924,0.7068965435028076,2.8620688915252686,4.586206912994385,1.8705159425735474,3.2190985679626465,4.610217455812702,0,2.22668583378557,2.5987869719348393
E3T0Z2,ED,B,2,0.31294769048690796,0.8738975524902344,-0.5348837375640869,-0.5116279125213623,-0.3488371968269348,0.6511628031730652,2.232558250427246,2.930232524871826,1.2783775329589844,0.6974494457244873,5.255641966513352,0,-0.34399912895972123,-0.9208009955896613
E3T0Z2,ES,B,2,0.3138487637042999,0.8959959745407104,-0.5609756112098694,-0.5365853905677795,-0.3658536672592163,0.6341463327407837,2.2926828861236572,3.0731706619262695,1.3134249448776245,0.8475916385650635,5.244940578882433,0,-0.03438383788208998,-1.5390558790546347
E5E6O8,ED,B,2,0.2996266782283783,0.7269671559333801,-0.4313725531101227,-0.4117647111415863,-0.27450981736183167,0.7254902124404907,1.784313678741455,2.2941176891326904,1.0640044212341309,-0.024005413055419922,5.377380814874298,1,-2.045644024172885,1.5937090329676356
E5E6O8,ES,B,2,0.31133681535720825,0.7650616765022278,-0.4583333432674408,-0.4375,-0.2708333432674408,0.7291666865348816,1.8958333730697632,2.4583332538604736,1.0971705913543701,0.08967208862304688,5.36642117564007,1,-1.7266512914750038,1.4160006212283311
E4M2Q7,ED,B,3,0.3358781039714813,0.9211832880973816,-0.4680851101875305,-0.4680851101875305,-0.3617021143436432,0.6382978558540344,2.5531914234161377,3.382978677749634,1.5834952592849731,1.9170994758605957,4.982067769499427,0,0.7658886575291317,-0.31744176620148506
E4M2Q7,ES,B,3,0.3496301472187042,0.9412078857421875,-0.46315789222717285,-0.46315789222717285,-0.34736841917037964,0.6526315808296204,2.6315789222717285,3.5894737243652344,1.6436712741851807,2.204352378845215,4.919052938493559,0,1.0359243893307706,0.10784591553300316
D9L1Z3,ED,A,1,0.5321589112281799,1.118823528289795,-0.22302158176898956,-0.2158273309469223,-0.20143884420394897,0.798561155796051,2.9712231159210205,4.97841739654541,1.9298406839370728,3.4118499755859375,4.026554882899054,0,2.781700949677092,6.812733320797625
D9L1Z3,ES,A,1,0.5317947864532471,1.1141592264175415,-0.22302158176898956,-0.2158273309469223,-0.20143884420394897,0.798561155796051,2.956834554672241,4.985611438751221,1.9425148963928223,3.502203941345215,4.038014700817406,0,2.7771988162930406,6.807777572355488
E0O0S0,ED,A,1,0.3762495219707489,1.0683834552764893,-0.522522509098053,-0.477477490901947,-0.342342346906662,0.6576576828956604,2.8918919563293457,4.747747898101807,2.078470468521118,4.399653911590576,4.784270894818879,0,2.7063213344547257,0.022768044460192944
E0O0S0,ES,A,1,0.3794645369052887,1.093690037727356,-0.5277777910232544,-0.48148149251937866,-0.35185185074806213,0.6481481194496155,2.972222328186035,4.861111164093018,2.1052303314208984,4.488178730010986,4.764071119416137,0,2.951833066036042,-0.19434797829119244
D4M3Q2,ED,A,1,0.433794230222702,1.1556872129440308,-0.47826087474823,-0.43478259444236755,-0.31521740555763245,0.6847826242446899,2.8152174949645996,5.59782600402832,2.327507257461548,5.992353439331055,4.578839672636824,0,3.7127957323955147,1.361305659186295
D4M3Q2,ES,A,1,0.43029913306236267,1.1793265342712402,-0.483146071434021,-0.43820226192474365,-0.3258427083492279,0.6741573214530945,2.898876428604126,5.775280952453613,2.4177088737487793,6.495639801025391,4.535161760782959,0,4.086107906831622,1.1276221048854853
D4N6W6,ED,A,1,0.39589810371398926,0.9175289869308472,-0.3272727131843567,-0.32121211290359497,-0.2969697117805481,0.7030302882194519,2.3757576942443848,3.6242423057556152,1.572912573814392,1.7899432182312012,4.624934922102753,0,0.6915782176371488,2.9527280516702614
D4N6W6,ES,A,1,0.3978441655635834,0.9288284182548523,-0.33125001192092896,-0.32499998807907104,-0.30000001192092896,0.699999988079071,2.40625,3.731250047683716,1.628117322921753,2.0589756965637207,4.61126497377789,0,0.8852781129560598,2.8685461089812723
E0M3U7,ED,A,1,0.37613800168037415,1.1037286520004272,-0.5078125,-0.4765625,-0.34375,0.65625,2.5546875,5.875,2.519120693206787,7.813851356506348,4.486004746627146,0,4.030146531848341,0.26964618756121905
E0M3U7,ES,A,1,0.381693959236145,1.1430317163467407,-0.5284552574157715,-0.49593496322631836,-0.35772356390953064,0.642276406288147,2.6422765254974365,6.097560882568359,2.5532753467559814,7.995485305786133,4.47277370430645,0,4.412202971128603,-0.20621959305204488
D3F3O5,ED,A,1,0.33771824836730957,0.8371568322181702,-0.3544303774833679,-0.34810125827789307,-0.3164556920528412,0.6835442781448364,2.246835470199585,3.2151899337768555,1.5437730550765991,1.820406436920166,4.718933370688771,0,0.15436529896848644,2.0293537622502753
D3F3O5,ES,A,1,0.340990275144577,0.8405613303184509,-0.35087719559669495,-0.3444976210594177,-0.31259968876838684,0.6874003410339355,2.283891439437866,3.247208833694458,1.5751506090164185,1.9435043334960938,4.720338973496224,0,0.21955937834754288,2.1624817777238197
D3F9H9,ED,A,1,0.2566608488559723,0.8646239042282104,-0.5564516186714172,-0.524193525314331,-0.39516130089759827,0.6048387289047241,1.951612949371338,4.137096881866455,1.9395675659179688,4.730776786804199,4.815158246712211,0,1.3734685606406545,-1.9268980077735955
D3F9H9,ES,A,1,0.25773149728775024,0.878451406955719,-0.5573770403862,-0.5327869057655334,-0.40163934230804443,0.5983606576919556,1.9836065769195557,4.1885247230529785,1.9612317085266113,4.786065578460693,4.797312763819644,0,1.5167663285135018,-2.0990721288528142
D1M1S6,ED,A,1,0.4242093861103058,1.2362489700317383,-0.5478261113166809,-0.52173912525177,-0.365217387676239,0.634782612323761,3.08695650100708,6.217391490936279,2.390371084213257,6.451348304748535,4.51363517399121,0,4.730892403538394,-0.5140395398262175
D1M1S6,ES,A,1,0.4297911524772644,1.2570922374725342,-0.5575221180915833,-0.5221238732337952,-0.37168142199516296,0.6283186078071594,3.159291982650757,6.2920355796813965,2.3912065029144287,6.396213531494141,4.518897236384007,0,4.883770017098711,-0.6801562183346482
D3D4Y5,ED,A,1,0.36374911665916443,0.9314785003662109,-0.42580646276474,-0.40645161271095276,-0.28387096524238586,0.7161290049552917,2.322580575942993,4.129032135009766,1.8534530401229858,3.496488094329834,4.766090459970904,0,1.1647968463543263,2.0598497135765594
D3D4Y5,ES,A,1,0.36673274636268616,0.934267520904541,-0.4193548262119293,-0.40645161271095276,-0.28387096524238586,0.7161290049552917,2.3354837894439697,4.129032135009766,1.8472851514816284,3.433713912963867,4.756548893226235,0,1.176978155827875,2.106710262831547
D1L4Q9,ED,B,2,0.284017413854599,0.8031832575798035,-0.5365853905677795,-0.5121951103210449,-0.3414634168148041,0.6585366129875183,2.0,2.5609755516052246,1.1434756517410278,0.27251195907592773,5.436724156133156,1,-1.2001575084429998,-0.9759482503188908
D1L4Q9,ES,B,2,0.2924339473247528,0.8126196265220642,-0.5365853905677795,-0.5121951103210449,-0.3414634168148041,0.6585366129875183,2.0487804412841797,2.6097559928894043,1.164136528968811,0.3391115665435791,5.393230168709718,1,-1.0402526732692183,-0.9287347893751193
D1J5P6,ED,A,1,0.33562859892845154,0.8473204374313354,-0.4420289993286133,-0.4275362193584442,-0.28260868787765503,0.717391312122345,2.1666667461395264,3.449275255203247,1.5834940671920776,2.2315244674682617,5.020334606197076,0,0.0053276826847040056,1.6298850167927477
D1J5P6,ES,A,1,0.3221743404865265,0.8276973962783813,-0.4545454680919647,-0.4318181872367859,-0.28787878155708313,0.7121211886405945,2.098484754562378,3.3257575035095215,1.5262101888656616,1.9991254806518555,5.073890029544197,0,-0.24631711076122367,1.3578272261629614
D0H9I4,ED,B,2,0.16438470780849457,0.5129284262657166,-0.42592594027519226,-0.42592594027519226,-0.32407405972480774,0.6759259104728699,1.0092592239379883,1.2222222089767456,0.43020033836364746,-1.287406086921692,5.575538581237701,1,-4.3369690045569955,-0.04778122137409632
D0H9I4,ES,B,2,0.16405263543128967,0.5161773562431335,-0.42990654706954956,-0.42990654706954956,-0.32710281014442444,0.672897219657898,1.0186915397644043,1.2336448431015015,0.438800185918808,-1.274855613708496,5.576050126344934,1,-4.294068545715406,-0.1540361623956136
C2M6P8,ED,B,3,0.34443381428718567,0.8068234324455261,-0.37168145179748535,-0.37168145179748535,-0.29203543066978455,0.7079645991325378,2.1327433586120605,2.663717031478882,1.2463945150375366,0.505807638168335,5.080857899442692,1,-0.9360886130202399,2.1003539916583933
C2M6P8,ES,B,3,0.351174920797348,0.8157241940498352,-0.3750000298023224,-0.3750000298023224,-0.2857142984867096,0.714285671710968,2.1517856121063232,2.7589285373687744,1.2645518779754639,0.5994513034820557,5.082477684902498,1,-0.8502612901414706,2.2128412645258018
C8P3S7,ED,A,1,0.26914018392562866,0.7704108953475952,-0.4652777910232544,-0.4513888955116272,-0.3333333432674408,0.6666666865348816,1.9166666269302368,2.965277671813965,1.4190409183502197,1.6827707290649414,5.078865558163413,1,-0.6654725749153603,0.08697306533922314
C8P3S7,ES,A,1,0.2725045084953308,0.7778898477554321,-0.47183099389076233,-0.4577464759349823,-0.3309859037399292,0.6690140962600708,1.9295774698257446,3.007042169570923,1.4317885637283325,1.7429466247558594,5.0930871680539465,1,-0.6113654191762806,0.0666959804112893
C6J5P1,ED,A,1,0.30331888794898987,0.8930392265319824,-0.40816327929496765,-0.3979591727256775,-0.36734694242477417,0.6326530575752258,2.418367385864258,3.7857143878936768,1.9357331991195679,3.831923484802246,4.486371465849596,0,1.54274412013968,0.47945377741162193
C6J5P1,ES,A,1,0.30873408913612366,0.9051430225372314,-0.40816327929496765,-0.3979591727256775,-0.36734694242477417,0.6326530575752258,2.4285714626312256,3.8979592323303223,1.98307204246521,4.086559772491455,4.47541524088639,0,1.7093643209802327,0.5077696904397507
C2L5P7,ED,B,2,0.23138776421546936,0.574505627155304,-0.3720930218696594,-0.3720930218696594,-0.26744186878204346,0.7325581312179565,1.2790697813034058,1.6279069185256958,0.7297413945198059,-0.7974948883056641,5.435337744834382,1,-3.6325142542691315,2.0081637322061288
C2L5P7,ES,B,2,0.2281094789505005,0.5815524458885193,-0.3855421543121338,-0.3855421543121338,-0.27710843086242676,0.7228915691375732,1.2891566753387451,1.6506024599075317,0.7397317886352539,-0.7755413055419922,5.447869747361926,1,-3.5499552567991226,1.6468027092317594
C5M4S2,ED,A,1,0.33751267194747925,0.9610311985015869,-0.4516128897666931,-0.44354838132858276,-0.3870967626571655,0.6129032373428345,2.451612949371338,4.233870983123779,1.8152278661727905,3.2752208709716797,4.6147042060976675,0,1.8410679665588445,-0.3895893268880019
C5M4S2,ES,A,1,0.32871013879776,0.9566349983215332,-0.4590163826942444,-0.4508196711540222,-0.39344263076782227,0.6065573692321777,2.4098360538482666,4.3114752769470215,1.8699511289596558,3.6434216499328613,4.599113026924234,0,1.9516336724206524,-0.6132541678915341
C4S8W9,ED,B,3,0.36204880475997925,1.0075777769088745,-0.5901640057563782,-0.5737705826759338,-0.34426233172416687,0.6557376384735107,2.7213118076324463,3.508197069168091,1.477263331413269,1.334853172302246,5.22669018204663,0,0.9182347160314762,-1.2974264017175474
C4S8W9,ES,B,3,0.35461804270744324,0.9802621603012085,-0.5806452035903931,-0.5645161867141724,-0.3387097120285034,0.6612902879714966,2.677419662475586,3.387096881866455,1.4673517942428589,1.315211296081543,5.247556997505825,0,0.7019250032432977,-1.1137415516985143
C4R8T7,ED,B,2,0.29354023933410645,0.8155242204666138,-0.5,-0.5,-0.3400000035762787,0.6600000262260437,2.0,2.7799999713897705,1.2125089168548584,0.5564801692962646,5.227384501613562,1,-0.840598035480017,-0.5480779565462442
C4R8T7,ES,B,2,0.29285991191864014,0.8141952157020569,-0.5,-0.5,-0.3400000035762787,0.6600000262260437,2.0,2.8399999141693115,1.2449904680252075,0.700568437576294,5.217556786013061,1,-0.7737059391426799,-0.5410138227004545
C1K8P5,ED,A,1,0.34743839502334595,0.920279324054718,-0.4000000059604645,-0.3909091055393219,-0.34545454382896423,0.6545454263687134,2.3090908527374268,4.081818103790283,1.8384804725646973,3.4172916412353516,4.605541070577798,0,1.42741089499361,1.0713603775858176
C1K8P5,ES,A,1,0.33817097544670105,0.919136643409729,-0.4166666567325592,-0.40740740299224854,-0.35185185074806213,0.6481481194496155,2.2685184478759766,4.138888835906982,1.8459537029266357,3.5497732162475586,4.611332801722925,0,1.4653873277483365,0.7246464591324229
C2J0K3,ED,A,1,0.3542954623699188,1.0028181076049805,-0.5891472697257996,-0.5426356792449951,-0.3333333432674408,0.6666666865348816,2.5968992710113525,4.294573783874512,1.8293412923812866,3.3080244064331055,5.011342078921085,0,1.719539228672656,-0.7610494398091807
C2J0K3,ES,A,1,0.35295623540878296,1.023376703262329,-0.60317462682724,-0.5634920597076416,-0.341269850730896,0.658730149269104,2.6507935523986816,4.38095235824585,1.8398865461349487,3.3417272567749023,4.996346748798683,0,1.9077150054423404,-1.1149553320826235
B9O1Q0,ED,B,2,0.2963167428970337,0.7422212958335876,-0.41999998688697815,-0.41999998688697815,-0.30000001192092896,0.699999988079071,1.8200000524520874,2.319999933242798,1.0815112590789795,-0.015360593795776367,5.287735832083797,1,-1.7907347559651001,1.1240201295955194
B9O1Q0,ES,B,2,0.2994428277015686,0.7658053040504456,-0.4375,-0.4375,-0.3125,0.6875,1.8958333730697632,2.3958332538604736,1.1117902994155884,0.05986762046813965,5.292082928513848,1,-1.5464785671192613,0.6869497142617952
B2G5R2,ED,A,1,0.3374277651309967,0.9977341890335083,-0.5316455960273743,-0.4810126721858978,-0.3670886158943176,0.6329113841056824,2.4177215099334717,4.569620132446289,2.0513498783111572,4.651108741760254,4.7954041191345125,0,2.2290009062909495,-0.6876190504706305
B2G5R2,ES,A,1,0.33975720405578613,1.0128036737442017,-0.5384615659713745,-0.4871794879436493,-0.3717948794364929,0.6282051205635071,2.5,4.628205299377441,2.069960355758667,4.678896903991699,4.792331281672228,0,2.3865632432611465,-0.8417176440103831
B8J7R4,ED,A,1,0.3161812722682953,0.8378819227218628,-0.4420289993286133,-0.4275362193584442,-0.3115941882133484,0.6884058117866516,2.0289855003356934,3.4782607555389404,1.546579122543335,2.168959140777588,4.927124571228083,0,0.02615796331488488,1.0217979307983966
B8J7R4,ES,A,1,0.3200097978115082,0.839983344078064,-0.44117647409439087,-0.4264705777168274,-0.30882352590560913,0.6911764740943909,2.0,3.536764621734619,1.5737797021865845,2.3377203941345215,4.915654882635112,0,0.08735887438673307,1.1073479077518311
C0K1P0,ED,A,1,0.2915555238723755,0.8879307508468628,-0.5400000214576721,-0.5266666412353516,-0.3466666638851166,0.653333306312561,2.140000104904175,3.873333215713501,1.778067708015442,3.4821572303771973,4.938371893882608,0,0.9210325133467523,-0.8479814933949044
C0K1P0,ES,A,1,0.2933301329612732,0.8773859143257141,-0.529411792755127,-0.516339898109436,-0.33986929059028625,0.6601307392120361,2.124182939529419,3.7908496856689453,1.7454286813735962,3.282543182373047,4.95835426077149,0,0.7490292588523958,-0.6011961366250062
B9E0Q1,ED,A,1,0.2656928598880768,0.7087752819061279,-0.5126050710678101,-0.48739495873451233,-0.2857142984867096,0.7142857313156128,1.7058823108673096,2.1008403301239014,0.9494591951370239,-0.25629472732543945,5.551552452368417,1,-2.3878959572886687,0.28231924778356593
B9E0Q1,ES,A,1,0.2669896185398102,0.7162779569625854,-0.5213675498962402,-0.49572649598121643,-0.28205129504203796,0.7179487347602844,1.7264957427978516,2.1282050609588623,0.9588502645492554,-0.23317646980285645,5.552864091854448,1,-2.33917445142919,0.26388740872832495
B8H5H6,ED,A,1,0.2881740629673004,0.8525158762931824,-0.5760869383811951,-0.54347825050354,-0.33695653080940247,0.6630434989929199,2.0543477535247803,3.42391300201416,1.4592933654785156,1.8967175483703613,5.1714576620370085,0,-0.025178160752075157,-1.1072559304997915
B8H5H6,ES,A,1,0.2811536490917206,0.8472829461097717,-0.5824176073074341,-0.5494505763053894,-0.34065935015678406,0.6593406796455383,2.0219781398773193,3.450549364089966,1.478991985321045,2.0358428955078125,5.160766201814091,0,0.0015820728482130696,-1.2659833794132038
B2F4K5,ED,B,2,0.1526394784450531,0.5657884478569031,-0.5194805264472961,-0.5064935088157654,-0.3636363744735718,0.6363636255264282,1.1428571939468384,1.5324674844741821,0.5515797138214111,-0.8943090438842773,5.599295062915342,1,-3.6341408417273535,-1.855377010756858
B2F4K5,ES,B,2,0.15605752170085907,0.5626751184463501,-0.5131579041481018,-0.5,-0.3552631437778473,0.6447368264198303,1.1578947305679321,1.513157844543457,0.5650415420532227,-0.8899354934692383,5.616418647417132,1,-3.681279128419314,-1.6093617761839338
B4O3V3,ED,A,1,0.47098109126091003,1.3541544675827026,-0.5581395626068115,-0.5116279125213623,-0.3720930218696594,0.6279069781303406,3.720930337905884,6.1744184494018555,2.3378589153289795,5.45613956451416,4.578947884715653,0,5.271537551852579,-0.5217401312724154
B4O3V3,ES,A,1,0.49164265394210815,1.4323561191558838,-0.5925925970077515,-0.5432098507881165,-0.3827160596847534,0.6172839403152466,3.9629628658294678,6.543210029602051,2.3790392875671387,5.620553016662598,4.565020807825437,0,5.933316989603062,-1.0248248072199064
B6D0U7,ED,B,2,-0.004117301199585199,0.53557288646698,-0.7402597665786743,-0.7272727489471436,-0.5324675440788269,0.4675324559211731,0.8181818127632141,1.0779221057891846,0.10206813365221024,-1.3312877416610718,5.6851669244597,1,-3.8688830167046597,-8.330582928876986
B6D0U7,ES,B,2,0.004610448610037565,0.5336496233940125,-0.7272727489471436,-0.7142857313156128,-0.5194805264472961,0.48051947355270386,0.8181818127632141,1.103896141052246,0.1170625239610672,-1.3230880498886108,5.67801576032183,1,-3.8979515297712504,-7.890730724172951
B3P3R1,ED,A,1,0.41363903880119324,1.2485599517822266,-0.5686274766921997,-0.529411792755127,-0.343137264251709,0.656862735748291,2.6764705181121826,6.833333492279053,2.8255975246429443,9.738794326782227,4.4335887417622,0,5.48491344520087,-0.1743696741468638
B3P3R1,ES,A,1,0.4161875247955322,1.277584195137024,-0.5858585834503174,-0.5353535413742065,-0.35353535413742065,0.6464646458625793,2.7474746704101562,7.020202159881592,2.88472318649292,10.072574615478516,4.420925850053353,0,5.8242715875515945,-0.48543005870005174
B3D0N1,ED,B,3,0.3483566641807556,1.095052719116211,-0.6078431606292725,-0.5882353186607361,-0.4117647409439087,0.5882352590560913,3.098039150238037,4.294117450714111,1.8753163814544678,3.1219468116760254,4.940283916272992,0,2.6538632247839256,-2.6774267008617123
B3D0N1,ES,B,3,0.33773383498191833,1.0988409519195557,-0.6274510025978088,-0.6078431606292725,-0.4117647111415863,0.5882353186607361,3.098039150238037,4.2941179275512695,1.8790253400802612,3.176363468170166,4.955640761976715,0,2.655624143302419,-2.9376951808531153
B2D9O2,ED,B,2,0.1518937051296234,0.5974094867706299,-0.534246563911438,-0.534246563911438,-0.3835616409778595,0.6164383292198181,1.2465753555297852,1.6986300945281982,0.6526484489440918,-0.6509485244750977,5.521063602726141,1,-3.1528669650970667,-2.4552130248155923
B2D9O2,ES,B,2,0.1632428914308548,0.5994793176651001,-0.5205479264259338,-0.5205479264259338,-0.36986300349235535,0.6301369667053223,1.2602739334106445,1.7397260665893555,0.6778538227081299,-0.6061468124389648,5.507503325026902,1,-3.1373810371044875,-1.9807425451522183
B2D9M2,ED,A,1,0.27002012729644775,0.8930907845497131,-0.6736111044883728,-0.6180555820465088,-0.375,0.625,2.1388888359069824,3.7638888359069824,1.6589984893798828,2.949047088623047,5.16521231702122,0,0.7894464294532516,-2.8663308238694
B2D9M2,ES,A,1,0.28123703598976135,0.9161326289176941,-0.6808510422706604,-0.6241135001182556,-0.368794322013855,0.631205677986145,2.219858169555664,3.9007091522216797,1.7076462507247925,3.1332755088806152,5.1430949151166825,0,1.0333848191916937,-2.764312670790754
B0N3W8,ED,B,2,0.18355149030685425,0.6079710721969604,-0.4533333480358124,-0.4533333480358124,-0.36000001430511475,0.6399999856948853,1.346666693687439,1.7333333492279053,0.7914029955863953,-0.5502281188964844,5.386348750129773,1,-2.97110580084361,-0.8882847160220303
B0N3W8,ES,B,2,0.1838589906692505,0.6199511289596558,-0.465753436088562,-0.465753436088562,-0.36986300349235535,0.6301369667053223,1.3698630332946777,1.8082191944122314,0.8156869411468506,-0.47260427474975586,5.381401697240167,1,-2.8080377555331983,-1.2211061815839184
B0I2Z0,ED,A,1,0.3156013786792755,0.8589882850646973,-0.4552238881587982,-0.447761207818985,-0.305970162153244,0.6940298676490784,2.029850721359253,3.8507461547851562,1.7945131063461304,3.5602307319641113,4.828390489765075,0,0.6673807402761807,1.0179360272249713
B0I2Z0,ES,A,1,0.31188905239105225,0.8694217801094055,-0.469696968793869,-0.46212121844291687,-0.31060606241226196,0.689393937587738,2.060606002807617,3.901515245437622,1.8139369487762451,3.635897159576416,4.83686968513182,0,0.7729211444308951,0.7501363855500996
A9E3G9,ED,B,3,0.3594833016395569,0.959828794002533,-0.4838709235191345,-0.4838709235191345,-0.3655913770198822,0.6344086527824402,2.6451613903045654,3.344085931777954,1.4935789108276367,1.4027304649353027,5.052527702611062,0,0.8123576169543351,-0.5471795349709375
A9E3G9,ES,B,3,0.3496198356151581,0.9476661682128906,-0.4893616735935211,-0.4893616735935211,-0.3617021143436432,0.6382979154586792,2.5957446098327637,3.372340440750122,1.5029975175857544,1.498779296875,5.054257376196044,0,0.7434657997876991,-0.5606287058067767
A8E1F4,ED,B,3,0.3912956714630127,1.1874052286148071,-0.5416666865348816,-0.5416666865348816,-0.3958333134651184,0.6041666865348816,3.4583332538604736,4.9166669845581055,2.1226112842559814,4.257285118103027,4.694951622452043,0,3.7878830511071473,-1.4336341400313335
A8E1F4,ES,B,3,0.37304559350013733,1.1350301504135132,-0.5400000214576721,-0.5400000214576721,-0.4000000059604645,0.6000000238418579,3.2800002098083496,4.660000324249268,2.063450813293457,4.032196521759033,4.755296027472957,0,3.3189679976129653,-1.5961192611996187
A9C5P4,ED,B,2,0.2195102870464325,0.5908043384552002,-0.40625,-0.390625,-0.296875,0.703125,1.3125,1.734375,0.7907667756080627,-0.6095671653747559,5.427178983714684,1,-3.3289085757727075,1.0994629204862398
A9C5P4,ES,B,2,0.2242363840341568,0.6017916202545166,-0.4126984179019928,-0.3968254029750824,-0.2857142984867096,0.7142857313156128,1.3492063283920288,1.79365074634552,0.8133440613746643,-0.549929141998291,5.421467633812433,1,-3.2585893172511695,1.2728977983765928
A7O4T6,ED,A,1,0.5091368556022644,1.2343305349349976,-0.35185185074806213,-0.3333333432674408,-0.2777777910232544,0.7222222089767456,3.314814805984497,5.870370388031006,2.286851167678833,5.3667144775390625,4.253988420445143,0,4.309059885147629,3.784861462129824
A7O4T6,ES,A,1,0.5023141503334045,1.2297263145446777,-0.3636363744735718,-0.34545454382896423,-0.27272728085517883,0.7272727489471436,3.3090908527374268,5.818181991577148,2.3028221130371094,5.452507019042969,4.310837405565431,0,4.226156955564114,3.7067723183144023
A6M1Q7,ED,B,2,0.2008456587791443,0.5829132199287415,-0.4576271176338196,-0.4406779706478119,-0.3050847351551056,0.694915235042572,1.2711864709854126,1.6440677642822266,0.6993237137794495,-0.741335391998291,5.5971867563879085,1,-3.5740190791583553,0.21604092861767216
A6M1Q7,ES,B,2,0.19798697531223297,0.5911847352981567,-0.4736842215061188,-0.45614033937454224,-0.31578946113586426,0.6842105388641357,1.280701756477356,1.6315789222717285,0.6984943151473999,-0.7590997219085693,5.608034829525944,1,-3.5007351060915206,-0.19261059019881455
A7D9L8,ED,A,1,0.33686769008636475,1.0014827251434326,-0.5400000214576721,-0.5,-0.3799999952316284,0.6200000047683716,2.450000047683716,4.309999942779541,1.836042881011963,3.357999324798584,4.859959294003732,0,1.8460911207015267,-1.1663838007319298
A7D9L8,ES,A,1,0.3415670096874237,1.036392331123352,-0.557894766330719,-0.5157894492149353,-0.38947367668151855,0.6105263233184814,2.5999999046325684,4.526315689086914,1.9410436153411865,3.8556342124938965,4.830619476464669,0,2.3384682225314912,-1.5002817438574256
A7M7P8,ED,A,1,0.457083135843277,1.2396553754806519,-0.5507246255874634,-0.47826087474823,-0.3188405930995941,0.6811594367027283,3.2028985023498535,6.043478488922119,2.3790721893310547,6.1495208740234375,4.626988937413402,0,4.470213924880699,0.7123357425546083
A7M7P8,ES,A,1,0.45577505230903625,1.3159208297729492,-0.59375,-0.53125,-0.34375,0.65625,3.40625,6.484375,2.4900705814361572,6.757607460021973,4.581169530618053,0,5.284397726400918,-0.2945727059897839
A7G0P5,ED,B,2,0.33142951130867004,0.8881714940071106,-0.5,-0.5,-0.3499999940395355,0.6499999761581421,2.325000047683716,3.1500000953674316,1.4064151048660278,1.216214656829834,5.148439340989198,0,0.10250916161212491,-0.5660632499594229
A7G0P5,ES,B,2,0.33018454909324646,0.8932266235351562,-0.5128205418586731,-0.5128205418586731,-0.3333333432674408,0.6666666865348816,2.3589744567871094,3.153846263885498,1.4046297073364258,1.2279767990112305,5.170463873161479,0,0.0575371619861111,-0.3884922939097926
A6B5G9,ED,A,1,0.2652076482772827,0.7867237329483032,-0.484375,-0.4765625,-0.34375,0.65625,1.8359375,3.2890625,1.5006616115570068,2.232825756072998,4.995785707543959,0,-0.2874151520270438,-0.3415043790478397
A6B5G9,ES,A,1,0.26800552010536194,0.7877166271209717,-0.4881889820098877,-0.4803149700164795,-0.3385826647281647,0.6614173054695129,1.8110235929489136,3.338582754135132,1.5239228010177612,2.3894577026367188,5.003289834794199,0,-0.25686432402139237,-0.2734707130059064
A6D5F9,ED,A,1,0.3502871096134186,1.0196484327316284,-0.5833333134651184,-0.523809552192688,-0.3452380895614624,0.6547619104385376,2.4285714626312256,4.726190567016602,1.9997024536132812,4.450440883636475,4.877741148160307,0,2.2227065911915473,-0.7867927256182853
A6D5F9,ES,A,1,0.3522524833679199,1.0383832454681396,-0.5975610017776489,-0.5365853905677795,-0.353658527135849,0.6463414430618286,2.5,4.841463565826416,2.0539278984069824,4.715165138244629,4.867692083877946,0,2.4961640471848536,-1.088928095351769
A5E0T8,ED,B,3,0.32013750076293945,1.0322130918502808,-0.5531914830207825,-0.5531914830207825,-0.40425533056259155,0.5957446694374084,2.9787235260009766,4.170212745666504,1.9699419736862183,3.71787691116333,4.840441578050573,0,2.447328118054827,-2.053195942215008
A5E0T8,ES,B,3,0.3201005756855011,1.014432668685913,-0.5416666865348816,-0.5416666865348816,-0.3958333432674408,0.6041666865348816,2.875,4.1875,2.0019264221191406,3.958320140838623,4.830011802347261,0,2.366578772968181,-1.74785478165499
A3B7E5,ED,B,2,0.1063566505908966,0.5156222581863403,-0.523809552192688,-0.5142857432365417,-0.4000000059604645,0.6000000238418579,0.9333333373069763,1.1523809432983398,0.30572253465652466,-1.330570101737976,5.633394102149985,1,-4.235166766647007,-2.844794587563376
A3B7E5,ES,B,2,0.11167681962251663,0.516088604927063,-0.5192307829856873,-0.5096153616905212,-0.39423078298568726,0.6057692170143127,0.942307710647583,1.1442307233810425,0.3101954758167267,-1.3368585109710693,5.644460483287136,1,-4.254852176892545,-2.664731729879507
A1O8Z3,ED,B,3,0.2859650254249573,0.6933209300041199,-0.3870967924594879,-0.3870967924594879,-0.28387096524238586,0.7161290049552917,1.6709678173065186,2.200000047683716,1.0019906759262085,-0.11700105667114258,5.251791071109967,1,-2.221968576844478,1.7946468922997836
A1O8Z3,ES,B,3,0.2875330448150635,0.7072112560272217,-0.4000000059604645,-0.4000000059604645,-0.2933333218097687,0.7066666483879089,1.693333387374878,2.2933332920074463,1.0213266611099243,-0.035404205322265625,5.235924283301458,1,-2.0385336122667077,1.4724103078907549
A4B5U4,ED,A,1,0.42095109820365906,1.0750174522399902,-0.4054054021835327,-0.3918918967247009,-0.3378378450870514,0.662162184715271,2.804054021835327,4.70945930480957,1.8873337507247925,3.332548141479492,4.53061043815778,0,2.5456002969046723,1.4700312764786088
A4B5U4,ES,A,1,0.441514253616333,1.1231931447982788,-0.41258740425109863,-0.3986014127731323,-0.3356643319129944,0.6643356680870056,2.9790210723876953,4.92307710647583,1.9341554641723633,3.5070223808288574,4.52456410953349,0,2.9521024860684673,1.5128604145369107
A1E9Q1,ED,A,1,0.38384905457496643,0.9387068152427673,-0.5789473652839661,-0.5526315569877625,-0.2631579041481018,0.7368420958518982,2.473684310913086,3.1052632331848145,1.3018574714660645,0.6302542686462402,5.30488571770401,0,-0.0994346432252868,0.5118945802238855
A1E9Q1,ES,A,1,0.4039618968963623,0.9680895805358887,-0.5945945978164673,-0.5675675868988037,-0.2432432472705841,0.7567567825317383,2.5405404567718506,3.2432432174682617,1.3104946613311768,0.6734957695007324,5.3076591349401925,0,0.0645153903965349,0.8001879743612723
A3H1O5,ED,A,1,0.2634405195713043,0.7544894218444824,-0.4965517222881317,-0.48275861144065857,-0.317241370677948,0.682758629322052,1.8551723957061768,2.882758617401123,1.3492335081100464,1.5200915336608887,5.178021743813942,1,-0.9573419851638946,-0.018224875705202644
A3H1O5,ES,A,1,0.2704891264438629,0.7644586563110352,-0.4965035021305084,-0.4825174808502197,-0.31468531489372253,0.6853147149085999,1.8951048851013184,2.937062978744507,1.3766361474990845,1.6097102165222168,5.1732116077091845,1,-0.84597911205346,0.06270509465775648
A2C0I1,ED,A,1,0.33801403641700745,0.972976803779602,-0.5233644843101501,-0.4859813153743744,-0.336448609828949,0.663551390171051,2.2242989540100098,4.7289719581604,2.1181206703186035,5.343379020690918,4.766004765430372,0,2.1580305103969124,-0.03910903746207088
A2C0I1,ES,A,1,0.34011492133140564,1.0058070421218872,-0.5480769276618958,-0.5096153616905212,-0.3461538553237915,0.6538461446762085,2.365384578704834,4.875,2.1402368545532227,5.374692916870117,4.767271274402887,0,2.4655781920228814,-0.4937937843463547
A1D9Z7,ED,A,1,0.1926121711730957,0.7895830273628235,-0.6910569071769714,-0.6504064798355103,-0.42276424169540405,0.577235758304596,1.7560975551605225,3.227642297744751,1.4044517278671265,2.1793007850646973,5.232940393041543,0,-0.18533769196983546,-4.421403782702604
A1D9Z7,ES,A,1,0.19750584661960602,0.7930282950401306,-0.688524603843689,-0.6475409865379333,-0.41803279519081116,0.5819672346115112,1.7868852615356445,3.2622950077056885,1.4280014038085938,2.2834768295288086,5.224490581914786,0,-0.11774804234976048,-4.273054700580689
A2N8V0,ED,A,1,0.312051922082901,0.8027879595756531,-0.42281877994537354,-0.4161073863506317,-0.30201342701911926,0.6979866027832031,2.0939598083496094,3.1073825359344482,1.4576457738876343,1.6888036727905273,5.005873769867426,1,-0.41588163646555454,1.3268906440797905
A2N8V0,ES,A,1,0.3117508888244629,0.800611138343811,-0.41999998688697815,-0.41333332657814026,-0.30000001192092896,0.699999988079071,2.0999999046325684,3.0866665840148926,1.4586502313613892,1.6705279350280762,5.01200857924743,1,-0.44668596298483926,1.3959154271579988
A0S9V9,ED,A,1,0.35003817081451416,0.9563202261924744,-0.4952380955219269,-0.4809523820877075,-0.3142857253551483,0.6857143044471741,2.414285659790039,4.204761981964111,1.8418450355529785,3.5093703269958496,4.865604244201805,0,1.415673489371682,0.5445393065818502
A0S9V9,ES,A,1,0.35279226303100586,0.9625391364097595,-0.5,-0.48557692766189575,-0.3125,0.6875,2.4375,4.25,1.8673083782196045,3.638695240020752,4.869624851875246,0,1.5005560274739989,0.5376936623271092
