epoch,training_loss,internal_val_dice_lv,internal_val_dice_myocardium,internal_val_dice_rv,internal_val_mean_dice
1,0.990736295387013,0.6990201758790761,0.09325991948814948,0.47255595462685535,0.42161201666469367
2,0.5309939793449767,0.8927506744812469,0.7488918498420577,0.7716700104135394,0.804437511578948
3,0.39107197033960406,0.8843687248868844,0.7818982332943233,0.8106786483869668,0.8256485355227249
4,0.35422925053215315,0.9176164539468344,0.7931735913464728,0.8314012661387906,0.8473971038106992
5,0.33389758973136136,0.895301103081879,0.805108728503165,0.8605763096718402,0.8536620470856281
6,0.32615710124599895,0.9253658520647493,0.8236654679433957,0.8507359377862845,0.8665890859314764
7,0.3163310718074396,0.9222278841051261,0.8151976172498093,0.8605123081276099,0.8659792698275152
8,0.31207481914378227,0.9311290995220127,0.8279850771717577,0.8695995835605811,0.876237920084784
9,0.3064894053892524,0.920144915250457,0.8104271855143313,0.8342690915247959,0.8549470640965282
10,0.304340454310994,0.9303164617800048,0.8348929067899948,0.8718647931968608,0.8790247205889535
